2,,,,,,,,,,,,,,,,,,,,,,,,,,,,,,,,,,,,,,,,,,,,,,,,,,,,,,,,,,,,,,,,,,,,,,,,,,,,
TTCTCCTCTAAATGACAACAACACCTCCCCAGCAAGGGCAC,,,,,,,,,,,,,,,,,,,,,,,,,,,,,,,,,,,,,,,,,,,,,,,,,,,,,,,,,,,,,,,,,,,,,,,,,,,,
TTCTCCTCTAAATGACAACACCACCTCCCCAGCAAGGGCAC,,,,,,,,,,,,,,,,,,,,,,,,,,,,,,,,,,,,,,,,,,,,,,,,,,,,,,,,,,,,,,,,,,,,,,,,,,,,
6,,,,,,,,,,,,,,,,,,,,,,,,,,,,,,,,,,,,,,,,,,,,,,,,,,,,,,,,,,,,,,,,,,,,,,,,,,,,
TTCTCCTCTA,20,20,20,20,20,20,20,20,20,20,,,,,,,,,,,,,,,,,,,,,,,,,,,,,,,,,,,,,,,,,,,,,,,,,,,,,,,,,,,,,,,,,,
TTCTCCTCTAAATGACAACACC,23,23,23,23,23,23,23,23,23,23,23,23,23,23,23,23,23,23,23,23,23,23,,,,,,,,,,,,,,,,,,,,,,,,,,,,,,,,,,,,,,,,,,,,,,,,,,,,,,
TTCTCCTCTAAATGACAACAACACCTCCCCAGCAAGGGCAC,20,20,20,20,20,20,20,20,20,27,27,27,27,27,27,27,27,27,27,27,27,27,6,27,27,27,27,27,27,27,27,27,27,27,27,27,27,27,27,27,27,,,,,,,,,,,,,,,,,,,,,,,,,,,,,,,,,,,
TTCTCCTCTAAATGACAACACCACCTCCCCAGCAAGGGCAC,20,20,20,20,20,20,20,20,20,20,23,23,23,23,23,23,23,23,23,23,23,23,22,23,23,23,23,23,23,23,23,23,23,23,23,23,23,23,23,23,23,,,,,,,,,,,,,,,,,,,,,,,,,,,,,,,,,,,
CTCTAAATGACAACAACACCTCCCCAGCAAGGGCAC,27,22,27,27,27,27,27,6,6,27,27,27,22,27,27,27,27,6,27,27,27,27,27,27,27,27,27,27,27,27,27,27,27,27,27,27,,,,,,,,,,,,,,,,,,,,,,,,,,,,,,,,,,,,,,,,
CCCCAGCAAGGGCAC,23,23,23,23,23,23,23,23,23,23,23,23,23,23,23,,,,,,,,,,,,,,,,,,,,,,,,,,,,,,,,,,,,,,,,,,,,,,,,,,,,,,,,,,,,,
4,,,,,,,,,,,,,,,,,,,,,,,,,,,,,,,,,,,,,,,,,,,,,,,,,,,,,,,,,,,,,,,,,,,,,,,,,,,,
CAACGTCCATCACTGACTCCATCAGCTCCGCAACTTCTGTGTAGCGTCCCTTG,,,,,,,,,,,,,,,,,,,,,,,,,,,,,,,,,,,,,,,,,,,,,,,,,,,,,,,,,,,,,,,,,,,,,,,,,,,,
CAACGTCCATCACTGACTCCATCAGCTCCGCGCCTTCTGTGTAGCGTCCCTTG,,,,,,,,,,,,,,,,,,,,,,,,,,,,,,,,,,,,,,,,,,,,,,,,,,,,,,,,,,,,,,,,,,,,,,,,,,,,
CAACGTCCATCACTGACTCCGTCAGCTCCGCAACTTCTGTGTAGCGTCCCTTG,,,,,,,,,,,,,,,,,,,,,,,,,,,,,,,,,,,,,,,,,,,,,,,,,,,,,,,,,,,,,,,,,,,,,,,,,,,,
CAACGTCCATCACTGACTCCGTCAGCTCCGCGCCTTCTGTGTAGCGTCCCTTG,,,,,,,,,,,,,,,,,,,,,,,,,,,,,,,,,,,,,,,,,,,,,,,,,,,,,,,,,,,,,,,,,,,,,,,,,,,,
115,,,,,,,,,,,,,,,,,,,,,,,,,,,,,,,,,,,,,,,,,,,,,,,,,,,,,,,,,,,,,,,,,,,,,,,,,,,,
CAACGTCCATCACTGACTCCGTCAGCTCCGCGCCTTCTGTGTAGCGTCCCTTG,25,25,25,25,25,25,25,25,25,25,25,25,25,25,25,25,25,25,25,25,25,25,25,25,25,25,25,25,25,25,25,25,25,25,25,25,25,25,25,25,25,25,25,25,25,25,25,25,25,25,25,20,20,,,,,,,,,,,,,,,,,,,,,,,
CAACGTCCATCACTGACTCCGTCAGC,33,33,33,33,27,33,33,33,33,27,33,33,33,33,33,33,33,33,33,27,22,22,27,27,27,33,,,,,,,,,,,,,,,,,,,,,,,,,,,,,,,,,,,,,,,,,,,,,,,,,,
CAACGTCCATCACTGACTCCGTCAGCTCCGCGCCTTCTGTGTAGCGTCCCTTG,27,27,27,27,27,27,27,27,27,27,27,27,27,27,27,27,27,27,27,27,27,27,27,27,27,27,27,27,27,27,27,22,27,27,27,27,27,27,27,27,27,27,27,27,27,27,27,27,6,27,27,27,27,,,,,,,,,,,,,,,,,,,,,,,
CAACGTCCATCACTGACTCCGTCAGCTCCGCGCCTTCTGCGTAGCGTCCCT,27,33,33,6,6,33,27,27,33,33,22,22,22,33,27,22,27,33,27,27,27,33,20,20,20,6,20,6,6,20,6,20,20,20,20,20,20,20,20,6,20,20,20,20,20,20,20,20,20,20,20,,,,,,,,,,,,,,,,,,,,,,,,,
CAACGTCCATCACTGACTCCGTCAGCTCCGCGCCTTCTGTGTAGCGTCCCTTG,25,25,25,25,25,25,25,25,25,25,25,25,25,25,25,25,25,25,25,25,25,25,25,25,25,25,25,25,25,22,25,25,25,25,25,25,25,25,25,25,25,25,6,25,25,25,25,25,25,25,25,25,25,,,,,,,,,,,,,,,,,,,,,,,
CAACGTCCATCACTGACTCCGTCAGCTCCGCGCCTTCTGTGTAGCGTCCCTTG,31,31,31,31,27,31,31,31,31,31,31,31,31,31,31,31,31,31,6,27,27,27,31,31,31,31,31,31,31,27,31,27,31,31,31,31,31,20,20,20,20,20,20,20,20,20,20,20,20,20,20,20,20,,,,,,,,,,,,,,,,,,,,,,,
CAACGTCCATCACTGACTCCGTCAGCTCCGCGCCTTCTGTG,20,20,6,20,20,20,20,20,20,20,20,20,20,20,20,20,20,20,20,20,20,20,20,20,20,20,20,20,20,20,20,6,6,20,20,20,20,20,20,20,20,,,,,,,,,,,,,,,,,,,,,,,,,,,,,,,,,,,
CAACGTCCATCACTGACTCCGTCAGCTCCGCGCCTTCTGT,20,20,20,20,20,20,20,20,20,20,20,20,20,20,20,20,20,20,20,20,20,20,20,20,20,20,20,20,20,20,20,20,20,20,20,20,20,20,20,20,,,,,,,,,,,,,,,,,,,,,,,,,,,,,,,,,,,,
CAACGTCCATCACTTACTCCGTCAGCTCCGCGCCTTCTGT,25,25,25,25,6,25,25,6,25,22,22,25,22,25,6,25,22,25,25,25,6,25,25,25,25,25,25,6,25,22,6,6,6,22,25,25,25,25,25,25,,,,,,,,,,,,,,,,,,,,,,,,,,,,,,,,,,,,
CAACGTCCATCACTGACTCCGTCAGCTCCGCGCCTTCTGTGTAGCGTCCCTTG,22,27,33,22,27,27,33,27,20,20,20,20,20,20,20,20,20,20,20,20,20,20,20,20,20,20,20,20,20,20,6,20,20,20,20,20,20,20,20,6,20,20,20,20,20,6,20,20,6,20,20,20,20,,,,,,,,,,,,,,,,,,,,,,,
CAACGTCCATCACTGACTCCGTCAGC,25,20,20,20,20,20,20,20,20,20,20,20,20,20,20,20,20,20,20,20,20,20,20,20,20,20,,,,,,,,,,,,,,,,,,,,,,,,,,,,,,,,,,,,,,,,,,,,,,,,,,
CAACGTCCATCACTGACTCCATCAGCTCCGCAACTTCTGTGTAGCGTCCCTTG,27,33,33,33,27,33,37,33,33,33,37,33,33,33,33,33,33,33,33,33,33,33,33,20,20,20,20,20,20,20,20,20,20,20,20,20,20,20,20,20,20,20,20,20,20,20,20,20,20,20,20,20,20,,,,,,,,,,,,,,,,,,,,,,,
CAACGTCCATCACTGACTCCGTCAGCTCC,24,24,24,24,24,24,24,24,24,24,24,24,24,24,24,24,24,24,24,24,24,24,24,24,24,24,24,24,24,,,,,,,,,,,,,,,,,,,,,,,,,,,,,,,,,,,,,,,,,,,,,,,
CAACGTCCATCACTGACTCCGTCAGCTCCGCGCC,25,25,25,25,25,25,25,25,25,25,25,25,25,25,25,25,25,25,25,25,25,25,25,25,25,25,25,25,25,25,25,20,20,20,,,,,,,,,,,,,,,,,,,,,,,,,,,,,,,,,,,,,,,,,,
CAACGTCCATCACTG,20,20,20,20,20,20,20,20,20,20,20,20,20,20,20,,,,,,,,,,,,,,,,,,,,,,,,,,,,,,,,,,,,,,,,,,,,,,,,,,,,,,,,,,,,,
CAACGTCCATCACTGAC,20,20,20,20,20,20,20,20,20,20,20,20,20,20,20,20,20,,,,,,,,,,,,,,,,,,,,,,,,,,,,,,,,,,,,,,,,,,,,,,,,,,,,,,,,,,,
CAACGTCCATCACTGACTCCGTCAGCTCCGCGCCTTCTGTGTAG,24,24,24,24,24,24,24,24,24,24,24,24,24,24,24,24,24,24,24,24,24,24,24,24,24,24,24,24,24,24,24,24,24,24,24,24,24,24,24,24,24,24,24,24,,,,,,,,,,,,,,,,,,,,,,,,,,,,,,,,
CAACGTCCATCACTGACTCCATCAGCTCCGCAACTTCTGTGTAGCGTCCCTTG,33,33,33,33,27,33,33,33,33,33,33,33,33,33,37,33,33,33,33,33,33,33,33,33,37,33,33,33,33,27,33,20,20,20,20,20,20,20,20,20,20,20,20,20,20,20,20,20,20,20,20,20,20,,,,,,,,,,,,,,,,,,,,,,,
CAACGTCCATCACTGACTCCGTCAGCTCCGCGCCTTCT,31,31,31,31,27,31,31,31,31,31,31,31,31,31,31,31,31,31,31,31,27,31,31,31,31,31,31,31,31,27,31,27,20,20,20,20,20,20,,,,,,,,,,,,,,,,,,,,,,,,,,,,,,,,,,,,,,
CAACGTCCATCA,23,23,23,23,23,23,23,23,23,23,23,23,,,,,,,,,,,,,,,,,,,,,,,,,,,,,,,,,,,,,,,,,,,,,,,,,,,,,,,,,,,,,,,,
CAACGTCCATCACTGACTCCGTCAGCTCCGCGCCTTCTGTG,33,33,33,33,6,27,22,27,33,33,33,22,33,33,20,20,20,20,20,20,20,20,20,20,20,20,20,20,20,20,20,20,20,20,20,20,20,20,20,20,20,,,,,,,,,,,,,,,,,,,,,,,,,,,,,,,,,,,
CAACGTCCATCACTGACTCCGTCAGCTCCGCGCCTTCTGTGTAGC,33,33,33,33,27,33,33,33,33,33,33,33,33,33,37,33,33,33,33,33,27,20,20,20,20,20,20,20,20,20,20,20,20,20,20,20,20,20,20,20,20,20,20,20,20,,,,,,,,,,,,,,,,,,,,,,,,,,,,,,,
CAACGTCCATCACTGACTCCGT,22,22,22,22,22,22,22,22,22,22,22,22,22,22,22,22,22,22,22,22,22,22,,,,,,,,,,,,,,,,,,,,,,,,,,,,,,,,,,,,,,,,,,,,,,,,,,,,,,
CAACGTCCATCACTGACTCCGTCAGCTCCGCGCCTTCTGTGTAGCGTCCCTTG,25,25,25,25,25,25,25,25,25,25,25,25,25,25,25,25,25,25,25,25,25,25,25,25,25,25,25,25,25,25,25,25,25,25,25,25,25,25,25,25,25,25,25,25,25,25,25,25,25,25,25,25,25,,,,,,,,,,,,,,,,,,,,,,,
CAACGTCCATCACTGACTC,24,24,24,24,24,24,22,24,24,24,24,24,24,24,24,24,24,24,24,,,,,,,,,,,,,,,,,,,,,,,,,,,,,,,,,,,,,,,,,,,,,,,,,,,,,,,,,
CAACGTCCATCACTGACTCCGTCAGCTCCGCGCCTTCTGTG,33,33,27,22,27,33,33,27,33,27,33,27,33,33,33,33,6,6,6,22,6,22,33,27,22,33,33,33,27,33,27,33,33,33,33,33,33,27,27,33,27,,,,,,,,,,,,,,,,,,,,,,,,,,,,,,,,,,,
CAACGTCCATCACTGACTCCGTCAGCTCCGCGCCTTCTGTGTAGCGTCCCTTG,24,24,24,24,24,24,24,24,24,24,24,24,24,24,24,24,24,24,24,24,24,24,24,24,24,24,24,24,24,24,24,24,24,24,24,24,24,24,24,24,24,24,24,24,24,24,24,24,24,24,24,24,24,,,,,,,,,,,,,,,,,,,,,,,
CAACGTCCATCACTGACTCCGTCAGCTCCGCGCCTTCTGTGTAGCGTCCCTTG,37,33,6,27,33,33,33,37,33,33,37,33,37,33,33,33,37,33,33,27,33,33,33,33,33,37,33,33,27,33,27,33,33,37,33,33,37,33,33,33,33,33,33,33,27,33,33,33,33,33,33,33,33,,,,,,,,,,,,,,,,,,,,,,,
CAGCGTCCAGCACTGACTCCGTCAGCTCCGCGCCT,27,22,6,22,27,27,6,27,6,6,33,27,33,27,27,22,33,6,33,27,33,6,33,27,33,33,27,33,22,33,22,27,33,33,27,,,,,,,,,,,,,,,,,,,,,,,,,,,,,,,,,,,,,,,,,
CAACGTCCATCACTGACTCCGTCAGCTCCGC,24,24,24,24,24,24,24,24,24,24,24,24,24,24,24,24,24,24,24,24,24,24,24,24,24,24,24,24,22,24,24,,,,,,,,,,,,,,,,,,,,,,,,,,,,,,,,,,,,,,,,,,,,,
CAACGTCCATCACTGACTCCGTCAGCTCCGCGCCTTCTGTGTAGCGTCCCTTG,37,33,27,27,27,33,33,33,33,33,37,33,37,33,33,33,37,33,33,27,33,33,37,33,33,37,33,33,27,33,27,33,33,33,33,33,37,33,33,27,33,33,33,33,27,33,33,33,33,33,33,33,33,,,,,,,,,,,,,,,,,,,,,,,
CAACGTCCATCACTGACTCCGTCAGCTCCGCGCCTTCTGTGTAGCGTCCCTTG,24,24,24,24,24,24,24,24,24,24,24,24,24,24,24,24,24,24,24,24,24,24,24,24,24,24,24,24,24,24,24,24,24,24,24,24,24,24,24,24,24,24,24,24,24,24,24,24,24,24,24,24,24,,,,,,,,,,,,,,,,,,,,,,,
CAACGTCCATCACTGACTCCGTCAGCTCCGC,24,24,24,24,24,24,24,24,24,24,24,24,24,24,24,24,24,24,24,24,24,24,24,24,24,24,24,24,22,24,24,,,,,,,,,,,,,,,,,,,,,,,,,,,,,,,,,,,,,,,,,,,,,
CAACGTCCATCACTGGCTCCGTCAGCTCCGC,22,33,27,27,33,33,33,33,33,33,33,27,27,27,33,6,33,6,33,22,33,33,33,33,33,33,33,27,22,33,27,,,,,,,,,,,,,,,,,,,,,,,,,,,,,,,,,,,,,,,,,,,,,
CAACGTCCATCACTGACTCCGTCAGCTCC,29,29,29,27,29,27,29,29,29,29,29,29,29,29,29,29,29,29,29,27,29,29,29,29,29,29,27,29,27,,,,,,,,,,,,,,,,,,,,,,,,,,,,,,,,,,,,,,,,,,,,,,,
CAACGTCCATCACTGACTCCGTCAGCTCCGCGCCTTCTGT,33,33,22,27,27,33,33,33,33,33,37,33,33,33,33,27,33,33,33,27,33,33,33,33,33,33,33,33,27,33,27,33,33,33,33,33,33,27,27,27,,,,,,,,,,,,,,,,,,,,,,,,,,,,,,,,,,,,
CAACGTCCATCACTGACTCCGTCAGCTCCGCGCCTTCT,33,33,33,27,33,22,33,33,33,33,33,33,33,33,33,33,33,33,33,27,33,33,37,33,33,33,33,33,27,33,27,33,33,33,27,33,33,33,,,,,,,,,,,,,,,,,,,,,,,,,,,,,,,,,,,,,,
CAGCGGCCATCACTGACTCCATCAGCTCCGCAACTTCTGTGTAGCGTCC,22,22,6,6,22,6,22,22,22,22,22,22,22,22,6,6,22,22,6,22,22,22,22,22,22,22,22,22,22,22,22,22,22,22,22,22,22,22,22,22,22,22,22,22,22,22,22,22,22,,,,,,,,,,,,,,,,,,,,,,,,,,,
CAACGTCCATCACTG,22,22,22,22,22,22,22,22,22,22,22,22,22,22,22,,,,,,,,,,,,,,,,,,,,,,,,,,,,,,,,,,,,,,,,,,,,,,,,,,,,,,,,,,,,,
CAACGTCCATCACTGACTCCGTCAGCTCCGCGCCTTCTGTG,33,33,27,27,33,33,33,33,33,27,33,27,37,33,33,33,33,33,33,27,33,33,33,33,33,33,27,33,27,33,27,33,33,33,33,33,33,27,27,27,27,,,,,,,,,,,,,,,,,,,,,,,,,,,,,,,,,,,
CAACGTCCATCACTGACTCCGTCAGCTCCGCGCCTTCTGTGTAGCGTCCCTTG,33,33,33,27,22,27,33,37,33,33,33,33,33,27,33,6,33,27,33,22,33,33,37,33,27,37,33,33,27,33,27,33,33,37,33,33,37,33,33,33,33,33,33,33,27,33,33,33,33,33,33,33,33,,,,,,,,,,,,,,,,,,,,,,,
CAGCGTCCATCACTGACTCCGTCAGCTCCGCGCCTTCTGTGTAGCGTCCCTTG,20,20,6,20,6,20,20,20,20,20,20,20,20,20,20,20,20,20,20,20,20,20,20,20,20,20,20,20,20,20,20,20,20,20,20,20,20,20,20,20,20,33,33,33,27,33,33,33,33,33,33,33,33,,,,,,,,,,,,,,,,,,,,,,,
CAACGTCCATCACTGACTCCGTCAGCTCCGCGCCTTCTGTGTAGCGTCCCTTG,33,33,33,27,33,33,33,37,33,33,37,33,37,33,33,33,37,33,33,27,33,33,33,33,33,37,33,33,27,33,27,33,33,37,33,33,33,33,33,33,33,33,33,33,27,33,33,33,33,33,33,33,27,,,,,,,,,,,,,,,,,,,,,,,
CAACGTCCATCACTGACTCCGTCAGCTCCGCGCCTTCTGTGTAGCGTCCCTTG,20,20,20,20,20,20,20,20,20,20,20,20,20,20,20,20,20,20,20,20,20,20,20,20,20,20,20,20,20,20,20,20,20,20,20,20,20,20,20,20,33,33,33,33,27,33,33,33,33,37,33,33,33,,,,,,,,,,,,,,,,,,,,,,,
CCACGTCCATCACTGACTCCGTCAGCTCCGCGCCTTCTGTGTAGCGTCCCTTG,27,6,33,27,33,27,33,37,33,27,37,27,33,22,33,22,33,27,33,27,33,33,33,37,33,33,22,33,27,33,27,33,33,33,27,33,37,33,33,33,27,33,33,33,27,33,33,33,33,33,33,33,33,,,,,,,,,,,,,,,,,,,,,,,
CAACGTCCAT,24,24,24,22,24,24,24,24,24,24,,,,,,,,,,,,,,,,,,,,,,,,,,,,,,,,,,,,,,,,,,,,,,,,,,,,,,,,,,,,,,,,,,
CAACATCCATCACTGACTCCGTCAGCTCCGCGCCTTCTGTGTAGCGTCCCTTG,37,33,33,37,22,33,33,33,33,33,33,33,33,33,33,33,37,33,33,27,33,33,33,33,33,37,33,33,27,33,27,33,33,37,33,33,37,33,33,33,33,33,33,33,27,33,33,33,33,33,27,33,33,,,,,,,,,,,,,,,,,,,,,,,
CAACGTCCATCACTGACTCCGTCAGCTCCGCGCCTTCTGTGTAGCGTCCCTTG,6,27,6,22,27,27,33,33,27,27,27,22,22,27,27,6,6,22,27,27,33,6,33,33,33,33,22,33,27,33,27,33,33,37,33,33,33,33,33,33,33,33,33,33,27,33,33,33,33,33,27,27,27,,,,,,,,,,,,,,,,,,,,,,,
CAACGTCCATCACTGACTCCGTCAGCTCCGCGCCTTCTGTGTAGCGTCCCTTG,24,24,24,24,24,24,24,24,24,24,24,24,24,24,24,24,24,24,24,24,24,24,24,24,24,24,24,24,24,24,24,24,24,24,24,24,24,24,24,24,24,24,24,24,24,24,24,24,24,24,24,24,24,,,,,,,,,,,,,,,,,,,,,,,
CAACGTCCATCACTGACTCCGTCAGCTCCGCGCCTTCTGTGTAGCGT,37,33,33,27,33,33,33,33,33,33,33,33,37,33,33,27,37,33,33,27,33,33,33,33,33,37,33,33,27,33,27,33,33,37,33,33,37,33,33,33,33,33,33,33,27,33,33,,,,,,,,,,,,,,,,,,,,,,,,,,,,,
CAACGTCCATCACTGACTCCGTCAGCTCCGCGCCTTCTGTGTAGCGTCCCTT,37,33,33,27,33,33,33,37,27,33,33,33,37,33,33,33,37,33,33,27,33,33,37,33,33,37,33,33,27,33,27,33,33,33,33,33,33,33,33,33,33,33,33,33,27,33,33,33,33,33,33,33,,,,,,,,,,,,,,,,,,,,,,,,
CAACGTCCATCACTGACTCCATCAGCTCCGCAACTTCTGTGTAGCGTCCCTTG,27,27,27,27,27,27,27,27,27,27,27,27,27,27,27,27,27,27,27,27,27,27,27,27,27,27,27,27,27,27,27,27,27,27,27,27,27,27,27,27,27,27,27,27,27,27,27,27,27,27,27,27,27,,,,,,,,,,,,,,,,,,,,,,,
CAACGTCCATCACTGACTCCGTCAGCTCCGCG,24,24,24,24,24,24,24,24,22,24,24,24,22,24,24,24,24,24,24,6,24,24,24,24,24,24,24,24,24,24,22,24,,,,,,,,,,,,,,,,,,,,,,,,,,,,,,,,,,,,,,,,,,,,
CAACGTCCATCACTGACTCCGTCAGCTCCGCGCCTTCTGTGTAGCGTCCCTTG,33,33,33,27,33,33,33,33,33,33,33,33,33,33,33,33,33,33,33,27,33,33,33,33,33,33,33,33,27,33,27,33,33,33,33,33,33,33,33,33,33,33,33,37,27,33,33,33,33,33,33,33,33,,,,,,,,,,,,,,,,,,,,,,,
CAACGTCCATCACTGACTCCGTCAGCTCCGCGCCTTCTGTGTAGCGTCCCTTG,20,20,20,20,20,20,20,20,20,24,24,22,24,24,24,6,24,24,24,22,24,24,24,24,24,24,24,24,22,24,24,24,24,24,24,24,24,24,24,24,24,24,24,6,22,24,24,24,24,24,24,24,24,,,,,,,,,,,,,,,,,,,,,,,
CAACGTCCATCACTGACTCCGTCAGCTCCG,27,27,22,22,27,27,27,27,27,27,27,27,27,27,27,22,27,27,27,27,27,27,27,27,27,27,27,27,22,27,,,,,,,,,,,,,,,,,,,,,,,,,,,,,,,,,,,,,,,,,,,,,,
CAACGTCCATCACTGACTCCGTCAGCTCCGCGCCTTCTGTGTAGCGTCCCTTG,24,24,24,24,24,24,24,24,24,24,24,24,24,24,24,24,24,24,24,24,24,24,24,24,24,24,24,24,24,24,24,24,24,24,24,24,24,24,24,24,24,24,24,24,24,24,24,24,24,24,24,24,24,,,,,,,,,,,,,,,,,,,,,,,
CAACGTCCATCACTGACTCCGTCAGCTCCGCGCCTTCTGTGTAGCGTCCCTTG,33,33,33,27,33,33,33,37,33,33,37,33,37,33,33,33,33,33,33,27,33,33,37,33,33,37,33,33,27,37,27,37,33,37,33,33,37,33,33,33,33,33,33,33,27,33,33,33,33,37,33,33,33,,,,,,,,,,,,,,,,,,,,,,,
CAACGTCCATCACTGACTCCGTCAGCTCCGCGCCTTCTGTGTAGCGTCCCTTG,25,25,25,22,25,25,25,25,25,6,25,22,25,25,25,6,25,25,25,25,25,25,25,25,25,25,25,25,25,25,25,25,22,25,25,25,25,25,25,25,25,25,25,25,25,25,25,25,25,25,25,25,25,,,,,,,,,,,,,,,,,,,,,,,
CAACGTCCATCACTGACTCCGTCAGCTCCGCGCCTTCTGTGTAGCGTCCCTTG,25,22,6,22,22,25,25,25,25,25,25,25,25,25,25,6,25,25,25,25,25,25,25,25,25,25,25,25,25,25,25,25,25,25,25,25,25,25,25,25,25,25,25,25,25,25,25,25,25,25,25,25,25,,,,,,,,,,,,,,,,,,,,,,,
CAACGTCCATCACTGACTCCATCAGCTCCGCAACTTCTGTGTAGCGTCCCTTG,25,25,25,25,25,25,25,25,25,25,25,25,25,25,25,25,25,25,25,25,25,25,25,25,25,25,25,25,25,25,25,25,25,25,25,25,25,25,25,25,25,25,25,25,25,25,25,25,25,25,25,25,25,,,,,,,,,,,,,,,,,,,,,,,
CAACGTCCATCACTGACTCCGTCAGCTCCGCGCCTTCTGTGTAGCGTCCCTTG,20,20,20,20,20,20,20,20,20,24,24,24,24,24,24,24,24,24,24,24,24,24,24,24,24,24,24,24,24,24,24,24,24,24,24,24,24,24,24,24,24,24,24,24,24,24,24,24,24,24,24,24,24,,,,,,,,,,,,,,,,,,,,,,,
CAACGTCCATCACTGACTCCGTCAGCTCC,24,24,24,24,24,24,24,24,24,24,24,24,24,24,24,24,24,24,24,24,24,24,24,24,24,24,24,24,24,,,,,,,,,,,,,,,,,,,,,,,,,,,,,,,,,,,,,,,,,,,,,,,
CAACGTCCATCACTGACTCCGTCAGCTCCGCGCCTTCTGTGTAGCGTCCCTTG,20,20,20,20,20,20,20,20,20,20,20,20,20,20,20,24,24,24,24,24,24,24,24,24,24,24,24,24,24,24,24,24,24,24,24,24,24,24,24,24,24,24,24,24,24,24,24,24,24,24,24,24,24,,,,,,,,,,,,,,,,,,,,,,,
CAACGTCCATCACTGACTCCGT,23,23,23,23,23,23,23,23,23,23,23,23,23,23,23,23,23,23,23,22,23,23,,,,,,,,,,,,,,,,,,,,,,,,,,,,,,,,,,,,,,,,,,,,,,,,,,,,,,
CAACGTCCATCACTGACTCCGTCAGCTCCGCGCCTTCTGTGTAGCGTCCCT,24,24,24,24,24,24,24,24,24,24,24,24,24,24,24,24,24,24,24,24,24,24,24,24,24,24,24,24,24,24,24,24,24,24,24,24,24,24,24,24,24,24,24,24,24,24,24,24,24,24,24,,,,,,,,,,,,,,,,,,,,,,,,,
CAACGTCCATCACTGACTCCGTCAGCTCCGCGCCTTCTGTGTAGCGTCCCTTG,20,20,20,20,20,20,20,20,20,20,20,20,20,20,20,20,20,24,24,24,24,24,24,24,24,24,24,24,24,24,24,24,24,24,24,24,24,24,24,24,24,24,24,24,24,24,24,24,24,24,24,24,24,,,,,,,,,,,,,,,,,,,,,,,
CAACGTCCATCACTGACTCCGTCAGCTCCGCGCCTTCTGTGTAGCGTCCCTTG,20,20,20,20,20,20,20,20,24,24,24,24,24,24,24,24,24,24,24,24,24,24,24,24,24,24,24,24,24,24,24,24,24,24,24,24,24,24,24,24,24,24,24,24,24,24,24,24,24,24,24,24,24,,,,,,,,,,,,,,,,,,,,,,,
ACCGTCCATCACTGACTCCGTCAGCTCCGCGCCTTCTGTGTAGCGTCCCTTG,27,6,22,22,27,33,6,6,33,33,33,33,33,33,27,27,6,33,27,33,33,37,33,33,37,33,33,27,33,27,33,33,33,33,33,37,33,33,33,33,33,33,33,27,33,33,33,33,33,33,33,33,,,,,,,,,,,,,,,,,,,,,,,,
AACGTCCATCACTGACTCCGTCAGCTCCGCGCCTTCTGTGTAGCGTCCCTTG,20,20,20,20,20,20,20,20,20,20,20,20,20,20,20,20,20,20,20,20,20,20,20,20,20,25,25,25,25,25,25,25,25,25,25,25,25,25,25,22,25,25,25,25,25,25,25,25,25,25,25,25,,,,,,,,,,,,,,,,,,,,,,,,
GTCCATCACTGACTCCATCAGCTCCGCAACTTCTGTGTAGCGTCCCTTG,22,22,22,22,22,22,22,22,22,22,22,22,22,22,22,22,22,22,22,22,22,22,22,22,22,22,22,22,22,22,22,22,22,22,22,22,22,22,22,22,22,22,22,22,22,22,22,22,22,,,,,,,,,,,,,,,,,,,,,,,,,,,
CCATCACTGACTCCGTCAGCTCCGCGCCTTCTGTGTAGCGTCCCTTG,33,33,33,27,33,33,33,33,33,33,33,33,33,33,27,33,33,33,33,33,33,20,20,20,20,20,20,20,20,6,20,20,20,20,20,20,20,20,20,20,20,20,20,20,20,20,20,,,,,,,,,,,,,,,,,,,,,,,,,,,,,
ATCACTGACTCCGTCAGCTCCGCGCCTTCTGTGTAGCGTCCCTTG,22,22,24,24,24,24,24,6,24,24,24,24,24,24,24,24,24,24,24,24,24,24,24,24,24,24,24,24,24,24,24,24,24,24,24,24,24,24,24,24,24,24,24,24,24,,,,,,,,,,,,,,,,,,,,,,,,,,,,,,,
ATCACTGACTCCATCAGCTCCGCAACTTCTGTGTAGCGTCCCTTG,27,27,27,27,27,27,27,27,27,27,27,27,27,27,27,27,27,27,27,27,27,27,27,27,22,27,27,27,27,27,27,27,27,27,27,27,22,27,27,27,27,27,27,27,27,,,,,,,,,,,,,,,,,,,,,,,,,,,,,,,
ATCACTGACTCCGTCAGCTCCGCGCCTTCTGTGTAGCGTCCCTTG,20,20,20,20,20,20,6,20,20,6,6,20,20,20,20,20,20,20,20,20,20,20,20,6,20,20,20,20,20,20,20,20,20,20,20,20,20,20,20,20,20,20,20,20,20,,,,,,,,,,,,,,,,,,,,,,,,,,,,,,,
CTGACTCCGTCAGCTCCGCGCCTTCTGTGTAGCGTCCCTTG,24,24,24,24,24,24,24,24,24,24,24,24,24,24,24,24,24,24,24,24,24,24,24,24,24,24,24,24,24,24,24,24,24,24,24,24,24,24,24,24,24,,,,,,,,,,,,,,,,,,,,,,,,,,,,,,,,,,,
CTGACTCCGTCAGCTCCGCGCCTTCTGTGTAGCGTCCCTTG,25,25,25,25,25,25,25,25,25,25,25,25,25,25,25,25,25,25,25,25,25,25,25,25,25,25,25,25,25,25,25,25,25,25,25,25,25,25,25,25,25,,,,,,,,,,,,,,,,,,,,,,,,,,,,,,,,,,,
GACTCCGTCAGCTCCGCGCCTTCTGTGTAGCGTCCCTTG,20,20,6,6,6,20,20,20,20,20,20,6,6,20,6,20,6,20,20,20,20,6,20,20,20,20,20,22,27,33,22,27,22,22,22,33,27,27,33,,,,,,,,,,,,,,,,,,,,,,,,,,,,,,,,,,,,,
ACTCCATCAGCTCCGCAACTTCTGTGTAGCGTCCCTTG,25,25,25,25,25,25,25,25,25,25,25,25,6,22,25,25,25,22,6,6,22,25,25,25,25,25,25,25,25,25,25,25,25,25,25,22,25,25,,,,,,,,,,,,,,,,,,,,,,,,,,,,,,,,,,,,,,
CTCCGTCAGCTCCGCGCCTTCTGTGTAGCGTCCCTTG,33,6,27,27,33,33,33,33,27,33,6,33,22,6,22,6,6,33,27,27,27,22,6,27,27,27,22,27,27,22,22,27,6,27,6,27,27,,,,,,,,,,,,,,,,,,,,,,,,,,,,,,,,,,,,,,,
CTCCGTCAGCTCCGCGCCTTCTGTGTAGCGTCCCTTG,33,33,27,27,27,33,37,27,6,27,33,33,22,27,27,6,33,37,22,22,37,27,27,27,22,27,37,33,22,27,6,33,33,37,33,33,33,,,,,,,,,,,,,,,,,,,,,,,,,,,,,,,,,,,,,,,
CTCCGTCAGCTCCGCGCCTTCTGTGTAGCGTCCCTTG,24,24,24,24,24,24,24,24,24,24,24,24,24,24,24,24,24,24,24,24,24,24,24,24,24,24,24,24,24,24,24,24,24,24,24,24,24,,,,,,,,,,,,,,,,,,,,,,,,,,,,,,,,,,,,,,,
TCCATCAGCTCCGCAACTTCTGTGTAGCGTCCCTTG,33,33,33,33,33,37,33,37,37,33,37,33,27,33,33,33,20,20,20,20,20,20,20,20,20,20,20,20,20,20,20,20,20,20,20,20,,,,,,,,,,,,,,,,,,,,,,,,,,,,,,,,,,,,,,,,
TCCGTCAGCTCCGCGCCTTCTGTGTAGCGTCCCTTG,22,22,22,24,24,24,24,24,24,24,24,24,24,22,6,6,24,24,24,24,22,24,24,24,24,24,24,24,24,24,24,22,24,24,24,24,,,,,,,,,,,,,,,,,,,,,,,,,,,,,,,,,,,,,,,,
CCGTCAGCTCCGCGCCTTCTGTGTAGCGTCCCTTG,33,22,27,22,33,27,33,37,33,22,27,33,27,33,33,37,33,33,37,33,27,33,33,33,33,33,27,33,33,33,33,33,33,33,33,,,,,,,,,,,,,,,,,,,,,,,,,,,,,,,,,,,,,,,,,
CCGTCAGCTCCGCGCCTTCTGTGTAGCGTCCCTTG,25,25,25,25,25,25,25,25,25,25,25,25,25,25,25,25,25,25,25,25,25,25,25,25,25,25,25,25,25,25,25,25,25,25,25,,,,,,,,,,,,,,,,,,,,,,,,,,,,,,,,,,,,,,,,,
CCGTCAGCTCCGCGCCTTCTGTGTAGCGTCCCTTG,33,27,33,33,27,33,33,33,27,33,27,33,27,33,33,33,33,33,33,33,33,33,33,33,33,33,27,33,33,33,33,37,33,22,37,,,,,,,,,,,,,,,,,,,,,,,,,,,,,,,,,,,,,,,,,
CGTCAGCTCCGCGCCTTCTGTGTAGCGTCCCTTG,23,23,23,23,23,23,23,23,23,23,23,23,23,23,23,23,23,23,23,23,23,23,23,23,23,23,23,23,23,23,23,23,23,23,,,,,,,,,,,,,,,,,,,,,,,,,,,,,,,,,,,,,,,,,,
CGTCAGCTCCGCGCCTTCTGTGTAGCGTCCCTTG,27,22,33,33,33,6,33,27,33,27,33,27,27,33,37,33,33,33,33,33,33,33,33,33,33,27,33,33,33,33,33,33,33,33,,,,,,,,,,,,,,,,,,,,,,,,,,,,,,,,,,,,,,,,,,
TCAGCTCCGCAACTTCTGTGTAGCGTCCCTTG,24,24,22,24,24,6,6,6,22,6,24,22,24,6,24,24,22,24,24,22,24,24,22,22,22,24,24,22,24,24,24,24,,,,,,,,,,,,,,,,,,,,,,,,,,,,,,,,,,,,,,,,,,,,
TCAGCTCCGCGCCTTCTGTGTAGCGTCCCTTG,25,25,22,25,25,25,25,25,25,25,25,25,25,25,25,25,25,25,25,25,25,25,25,25,25,25,25,25,25,25,25,25,,,,,,,,,,,,,,,,,,,,,,,,,,,,,,,,,,,,,,,,,,,,
TCAGCTCCGCGCCTTCTGTGTAGCGTCCCTTG,20,20,20,20,20,20,20,20,20,20,20,20,20,20,20,20,20,20,20,20,20,20,20,20,33,33,33,33,33,6,33,33,,,,,,,,,,,,,,,,,,,,,,,,,,,,,,,,,,,,,,,,,,,,
CAGCTCCGCGCCTTCTGTGTAGCGTCCCTTG,20,20,20,20,20,20,20,20,20,6,20,20,6,20,20,20,20,6,20,20,20,20,20,20,20,20,6,20,20,22,33,,,,,,,,,,,,,,,,,,,,,,,,,,,,,,,,,,,,,,,,,,,,,
CAGCTCCGCAACTTCTGTGTAGCGTCCCTTG,33,33,33,33,33,33,27,33,33,33,33,33,33,33,33,33,33,33,33,33,33,33,27,33,33,33,33,33,33,33,33,,,,,,,,,,,,,,,,,,,,,,,,,,,,,,,,,,,,,,,,,,,,,
AGCTCCGCAACTTCTGTGTAGCGTCCCTTG,20,20,20,20,20,20,20,20,20,20,20,20,20,20,20,20,20,20,20,20,20,20,20,20,20,20,20,20,20,20,,,,,,,,,,,,,,,,,,,,,,,,,,,,,,,,,,,,,,,,,,,,,,
GCTCCGCGCCTTCTGTGTAGCGTCCCTTG,23,23,23,23,23,23,23,23,23,23,23,23,23,23,23,23,23,23,23,23,23,23,23,23,23,23,23,23,23,,,,,,,,,,,,,,,,,,,,,,,,,,,,,,,,,,,,,,,,,,,,,,,
GCTCCGCGCCTTCTGTGTAGCGTCCCTTG,23,23,23,23,23,23,23,23,23,23,23,23,23,23,23,23,23,23,23,23,23,23,23,23,23,23,23,23,23,,,,,,,,,,,,,,,,,,,,,,,,,,,,,,,,,,,,,,,,,,,,,,,
TCCGCGCCTTCTGTGTAGCGTCCCT,25,25,25,25,25,25,25,25,25,25,25,25,25,25,25,25,25,25,25,25,25,25,25,25,25,,,,,,,,,,,,,,,,,,,,,,,,,,,,,,,,,,,,,,,,,,,,,,,,,,,
CCGCGCCTTCTGTGTAGCGTCCCTTG,23,23,22,23,23,23,23,23,23,23,23,23,23,23,23,23,23,23,23,23,23,23,23,23,23,20,,,,,,,,,,,,,,,,,,,,,,,,,,,,,,,,,,,,,,,,,,,,,,,,,,
CCGCGCCTGCTGTGTAGCGTCCCTTG,20,20,20,20,6,20,6,20,6,20,20,6,20,20,20,20,20,20,20,20,20,20,20,20,20,20,,,,,,,,,,,,,,,,,,,,,,,,,,,,,,,,,,,,,,,,,,,,,,,,,,
GCGCCTTCTGTGTAGCGTCCCTTG,24,24,24,24,24,24,24,24,24,24,24,24,24,24,24,24,24,24,24,24,24,24,24,24,,,,,,,,,,,,,,,,,,,,,,,,,,,,,,,,,,,,,,,,,,,,,,,,,,,,
CGCCTTCTGTGTAGCGTCCCTTG,23,23,23,23,22,23,23,23,23,6,23,22,23,23,23,23,23,23,23,23,23,23,23,,,,,,,,,,,,,,,,,,,,,,,,,,,,,,,,,,,,,,,,,,,,,,,,,,,,,
CGCCTTCTGTGTAGCGTCCCTTG,22,22,22,22,22,22,22,22,22,22,22,22,22,22,22,22,22,22,22,22,22,22,22,,,,,,,,,,,,,,,,,,,,,,,,,,,,,,,,,,,,,,,,,,,,,,,,,,,,,
GCCTTCTGTGTAGCGTCCCTTG,33,33,33,33,33,33,33,37,33,37,33,33,33,33,27,33,37,33,33,33,33,37,,,,,,,,,,,,,,,,,,,,,,,,,,,,,,,,,,,,,,,,,,,,,,,,,,,,,,
AACTTCTGTGTAGCGTCCCTTG,30,27,30,30,22,30,27,30,27,30,27,30,30,27,30,30,30,30,30,30,30,30,,,,,,,,,,,,,,,,,,,,,,,,,,,,,,,,,,,,,,,,,,,,,,,,,,,,,,
GCCTTCTGTGTAGCGTCCCTTG,24,24,24,24,24,24,24,24,24,24,24,24,24,24,24,24,24,24,24,24,24,24,,,,,,,,,,,,,,,,,,,,,,,,,,,,,,,,,,,,,,,,,,,,,,,,,,,,,,
GCCTTCTGTGTAGCGTCCCTTG,20,20,20,25,25,25,25,25,25,25,25,25,25,25,25,25,25,25,25,25,25,25,,,,,,,,,,,,,,,,,,,,,,,,,,,,,,,,,,,,,,,,,,,,,,,,,,,,,,
AACTTCTGTGTAGCGTCCCTTG,20,20,20,20,20,20,20,20,20,20,20,20,20,20,20,20,20,20,20,20,20,20,,,,,,,,,,,,,,,,,,,,,,,,,,,,,,,,,,,,,,,,,,,,,,,,,,,,,,
CCTTCTGTGTAGCGTCCCTTG,33,33,33,33,33,33,33,33,33,33,33,33,27,33,33,33,33,33,33,33,33,,,,,,,,,,,,,,,,,,,,,,,,,,,,,,,,,,,,,,,,,,,,,,,,,,,,,,,
CCTTCTGTGTAGCGTCCCTTG,20,20,20,20,20,20,31,31,31,31,31,31,27,31,31,31,31,31,31,31,31,,,,,,,,,,,,,,,,,,,,,,,,,,,,,,,,,,,,,,,,,,,,,,,,,,,,,,,
CCTTCTGTGTAGCGTCCCTTG,22,22,22,22,22,22,22,22,22,22,22,22,22,22,22,22,22,22,22,22,22,,,,,,,,,,,,,,,,,,,,,,,,,,,,,,,,,,,,,,,,,,,,,,,,,,,,,,,
CTTCTGTGTAGCGTCCCTTG,25,25,25,25,25,25,25,25,25,25,25,25,25,25,25,25,25,25,25,25,,,,,,,,,,,,,,,,,,,,,,,,,,,,,,,,,,,,,,,,,,,,,,,,,,,,,,,,
CTTCTGTGTAGCGTCCCTTG,20,20,20,20,20,20,20,20,20,20,20,20,20,20,20,20,20,20,20,20,,,,,,,,,,,,,,,,,,,,,,,,,,,,,,,,,,,,,,,,,,,,,,,,,,,,,,,,
TTCTGTGTAGCGTCCCTTG,22,33,33,27,33,27,27,33,27,33,27,27,6,33,33,33,33,6,33,,,,,,,,,,,,,,,,,,,,,,,,,,,,,,,,,,,,,,,,,,,,,,,,,,,,,,,,,
TGTGTAGCGTCCCTTG,20,20,20,20,20,20,20,20,20,20,20,20,20,20,20,20,,,,,,,,,,,,,,,,,,,,,,,,,,,,,,,,,,,,,,,,,,,,,,,,,,,,,,,,,,,,
8,,,,,,,,,,,,,,,,,,,,,,,,,,,,,,,,,,,,,,,,,,,,,,,,,,,,,,,,,,,,,,,,,,,,,,,,,,,,
AGGTCATGTTTTCCTGGATGGCCTTGATACTTGTAGATGTTCATCCATATCTGGGCATTGAAGAGTTCAGTCTTTATTGTAGTCTTCACAGTCTGGGCT,,,,,,,,,,,,,,,,,,,,,,,,,,,,,,,,,,,,,,,,,,,,,,,,,,,,,,,,,,,,,,,,,,,,,,,,,,,,
AGGTCATGTTTTCCTGGATGGCCTTGATACTTGTAGATGTTCATCCATATCTGGGCATTGAAGAGTTCAGTCTTTATTTTAGTCTTCACAGTCTGGGCT,,,,,,,,,,,,,,,,,,,,,,,,,,,,,,,,,,,,,,,,,,,,,,,,,,,,,,,,,,,,,,,,,,,,,,,,,,,,
AGGTCATGTTTTCCTGGATGGCCTTGATACTTGTAGATGTTCGTCTATATCTGGGCATTGAAGAGTTCAGTCTTTATTGTAGTCTTCACAGTCTGGGCT,,,,,,,,,,,,,,,,,,,,,,,,,,,,,,,,,,,,,,,,,,,,,,,,,,,,,,,,,,,,,,,,,,,,,,,,,,,,
AGGTCATGTTTTCCTGGATGGCCTTGATACTTGTAGATGTTCGTCTATATCTGGGCATTGAAGAGTTCAGTCTTTATTTTAGTCTTCACAGTCTGGGCT,,,,,,,,,,,,,,,,,,,,,,,,,,,,,,,,,,,,,,,,,,,,,,,,,,,,,,,,,,,,,,,,,,,,,,,,,,,,
AGGTCATGTTTTCCTGGATGTCCTTGATACTTGTAGATGTTCATCCATATCTGGGCATTGAAGAGTTCAGTCTTTATTGTAGTCTTCACAGTCTGGGCT,,,,,,,,,,,,,,,,,,,,,,,,,,,,,,,,,,,,,,,,,,,,,,,,,,,,,,,,,,,,,,,,,,,,,,,,,,,,
AGGTCATGTTTTCCTGGATGTCCTTGATACTTGTAGATGTTCATCCATATCTGGGCATTGAAGAGTTCAGTCTTTATTTTAGTCTTCACAGTCTGGGCT,,,,,,,,,,,,,,,,,,,,,,,,,,,,,,,,,,,,,,,,,,,,,,,,,,,,,,,,,,,,,,,,,,,,,,,,,,,,
AGGTCATGTTTTCCTGGATGTCCTTGATACTTGTAGATGTTCGTCTATATCTGGGCATTGAAGAGTTCAGTCTTTATTGTAGTCTTCACAGTCTGGGCT,,,,,,,,,,,,,,,,,,,,,,,,,,,,,,,,,,,,,,,,,,,,,,,,,,,,,,,,,,,,,,,,,,,,,,,,,,,,
AGGTCATGTTTTCCTGGATGTCCTTGATACTTGTAGATGTTCGTCTATATCTGGGCATTGAAGAGTTCAGTCTTTATTTTAGTCTTCACAGTCTGGGCT,,,,,,,,,,,,,,,,,,,,,,,,,,,,,,,,,,,,,,,,,,,,,,,,,,,,,,,,,,,,,,,,,,,,,,,,,,,,
6,,,,,,,,,,,,,,,,,,,,,,,,,,,,,,,,,,,,,,,,,,,,,,,,,,,,,,,,,,,,,,,,,,,,,,,,,,,,
AGGTCATGTTTTCCTGGATGTCCTTGATACTT,22,22,22,22,22,22,22,22,22,22,22,22,22,22,22,22,22,22,22,22,22,22,22,20,20,20,20,20,20,20,20,20,,,,,,,,,,,,,,,,,,,,,,,,,,,,,,,,,,,,,,,,,,,,
AGGTCATGTTTTCCTGGATGTCCTTGATACTTGTAGATGTTCGTCTATATCTGGGCATTGAAGAGTTCAGTCT,24,24,24,24,24,24,24,24,24,24,24,24,24,24,24,24,20,20,20,20,20,20,20,20,20,20,20,20,20,20,20,20,20,20,20,20,20,20,20,20,20,20,20,20,20,20,20,20,20,20,20,20,20,20,20,20,20,20,20,20,20,20,20,6,20,20,20,6,20,20,20,20,20,,,
GATGTCCTTGATACTTGTAGATGTTCGTCTATATCTGGGCATTGAAGAGTTCAGTCTTTATTTTAGTCTTCACAGT,20,20,20,6,20,20,20,20,20,20,20,20,20,20,20,20,20,20,20,20,20,20,20,20,20,20,20,20,20,20,20,20,20,20,20,20,20,20,20,20,20,20,20,20,20,20,20,20,20,20,20,20,20,20,20,20,20,24,24,24,24,24,24,24,24,24,24,24,24,24,24,24,24,24,24,24
TTGATACTTGTAGATGTTCGTCTATATCTGGGCATTGAAGAGTTCAGTCTTTATTTTAGTCTTCACAGTCTGGGCT,20,20,20,20,20,20,20,20,20,22,22,22,22,22,22,22,22,22,22,22,22,22,22,22,22,22,22,22,22,22,22,22,22,22,22,22,22,22,22,22,22,22,22,22,22,22,22,22,22,22,22,22,22,22,22,22,22,22,22,22,22,22,22,22,22,22,22,22,22,22,22,22,22,22,22,22
GAGTTCAGTCTTTATTGTAGTCTTCACAGTCTGGGCT,33,27,33,27,33,33,33,33,33,33,33,33,33,27,33,33,33,33,33,37,33,33,33,33,33,33,33,33,37,33,33,33,37,27,33,33,33,,,,,,,,,,,,,,,,,,,,,,,,,,,,,,,,,,,,,,,
ATTGTAGTCTTCACAGTCTGGGCT,27,27,27,33,27,27,33,27,33,33,33,33,33,33,33,33,27,33,33,33,33,27,33,33,,,,,,,,,,,,,,,,,,,,,,,,,,,,,,,,,,,,,,,,,,,,,,,,,,,,
2,,,,,,,,,,,,,,,,,,,,,,,,,,,,,,,,,,,,,,,,,,,,,,,,,,,,,,,,,,,,,,,,,,,,,,,,,,,,
ACCCTAACCCTAACCCTAACACTAACCCTAACCCCTAACCC,,,,,,,,,,,,,,,,,,,,,,,,,,,,,,,,,,,,,,,,,,,,,,,,,,,,,,,,,,,,,,,,,,,,,,,,,,,,
ACCCTAACCCTAACCCTAACCCTAACCCTAACCCCTAACCC,,,,,,,,,,,,,,,,,,,,,,,,,,,,,,,,,,,,,,,,,,,,,,,,,,,,,,,,,,,,,,,,,,,,,,,,,,,,
3,,,,,,,,,,,,,,,,,,,,,,,,,,,,,,,,,,,,,,,,,,,,,,,,,,,,,,,,,,,,,,,,,,,,,,,,,,,,
ACCCTAACCCTAACCCTAACCCTAACCCT,33,33,33,27,33,33,33,33,27,33,33,27,33,33,33,27,37,33,33,27,33,33,37,33,33,27,27,33,33,,,,,,,,,,,,,,,,,,,,,,,,,,,,,,,,,,,,,,,,,,,,,,,
ACCCTAACCCTAACCCTAACCCTAACCCTAACCCCTAACCC,33,33,33,33,33,33,33,33,27,33,33,33,33,33,33,33,33,33,33,33,33,27,33,33,33,33,33,33,37,27,33,33,27,33,33,37,22,33,27,6,6,,,,,,,,,,,,,,,,,,,,,,,,,,,,,,,,,,,
ACCCTAACCCTAACCCTAACCCTAACCCTA,33,33,33,33,27,33,27,33,33,37,33,33,33,33,33,33,33,33,27,33,33,33,33,33,27,33,33,33,27,33,,,,,,,,,,,,,,,,,,,,,,,,,,,,,,,,,,,,,,,,,,,,,,
2,,,,,,,,,,,,,,,,,,,,,,,,,,,,,,,,,,,,,,,,,,,,,,,,,,,,,,,,,,,,,,,,,,,,,,,,,,,,
TTATGAAAACCATTCCAGACGGGGGGTGGTGGCTTACACCT,,,,,,,,,,,,,,,,,,,,,,,,,,,,,,,,,,,,,,,,,,,,,,,,,,,,,,,,,,,,,,,,,,,,,,,,,,,,
TTATGAAAACCATTCCAGACTGGGGGTGGTGGCTTACACCT,,,,,,,,,,,,,,,,,,,,,,,,,,,,,,,,,,,,,,,,,,,,,,,,,,,,,,,,,,,,,,,,,,,,,,,,,,,,
3,,,,,,,,,,,,,,,,,,,,,,,,,,,,,,,,,,,,,,,,,,,,,,,,,,,,,,,,,,,,,,,,,,,,,,,,,,,,
TTATGAAAACCATTCCAGACTGGGGGTGGTGGCTTACACCT,33,33,33,33,33,33,33,33,33,33,33,33,33,33,33,33,33,33,33,33,33,33,33,33,33,33,22,37,27,27,37,33,33,33,33,33,33,33,33,33,33,,,,,,,,,,,,,,,,,,,,,,,,,,,,,,,,,,,
TTATGAAAACCATTC,20,33,33,33,33,33,33,33,33,33,33,27,27,27,27,,,,,,,,,,,,,,,,,,,,,,,,,,,,,,,,,,,,,,,,,,,,,,,,,,,,,,,,,,,,,
AACCATTCCAGACTGGGGGTGGTGGCTTACACCT,33,33,33,33,33,33,33,33,33,33,33,33,33,33,33,33,33,33,33,27,33,33,22,33,33,33,33,20,20,20,20,20,20,20,,,,,,,,,,,,,,,,,,,,,,,,,,,,,,,,,,,,,,,,,,
2,,,,,,,,,,,,,,,,,,,,,,,,,,,,,,,,,,,,,,,,,,,,,,,,,,,,,,,,,,,,,,,,,,,,,,,,,,,,
CTTGAGTCCAGGAAGGGGAGATTGCAGTGAGCGGAGATCGC,,,,,,,,,,,,,,,,,,,,,,,,,,,,,,,,,,,,,,,,,,,,,,,,,,,,,,,,,,,,,,,,,,,,,,,,,,,,
CTTGAGTCCAGGAAGGGGAGGTTGCAGTGAGCGGAGATCGC,,,,,,,,,,,,,,,,,,,,,,,,,,,,,,,,,,,,,,,,,,,,,,,,,,,,,,,,,,,,,,,,,,,,,,,,,,,,
6,,,,,,,,,,,,,,,,,,,,,,,,,,,,,,,,,,,,,,,,,,,,,,,,,,,,,,,,,,,,,,,,,,,,,,,,,,,,
CTTGAGTCCAGGAAGGGGAGGT,20,20,20,20,20,20,20,20,20,20,20,20,20,20,20,20,20,20,20,20,20,20,,,,,,,,,,,,,,,,,,,,,,,,,,,,,,,,,,,,,,,,,,,,,,,,,,,,,,
CTTGAGTCCAGGAAGGGGAGATTGCAGTGAGCGG,33,33,33,33,27,33,33,33,33,33,33,33,33,33,37,33,33,33,22,33,22,27,33,33,33,6,27,6,27,27,33,27,22,27,,,,,,,,,,,,,,,,,,,,,,,,,,,,,,,,,,,,,,,,,,
CTTGAGTCCAGGAAGGGGAGGTTGCAGTGAGC,20,20,20,20,20,20,20,20,20,20,20,20,20,20,20,20,20,20,20,20,20,20,33,33,33,33,33,33,27,33,33,27,,,,,,,,,,,,,,,,,,,,,,,,,,,,,,,,,,,,,,,,,,,,
CTTGAGTCCAGGAAGGGGAGATTGCAGTGAGCGGAGATC,33,33,33,33,33,33,33,33,33,33,33,33,33,33,33,33,33,33,33,33,33,33,27,33,33,33,33,33,33,33,33,27,33,33,33,33,27,33,33,,,,,,,,,,,,,,,,,,,,,,,,,,,,,,,,,,,,,
CTTGAGTCCAGGAAGGGGAGATTGCAGTGAGC,33,33,33,33,33,6,33,27,37,33,33,33,33,33,33,33,33,27,27,27,27,27,22,27,33,33,27,27,27,33,33,27,,,,,,,,,,,,,,,,,,,,,,,,,,,,,,,,,,,,,,,,,,,,
CTTGAGTCCAGGAAGGGGAGATTGCAGTGAGCGGAGATCGC,33,33,33,33,33,33,33,33,33,33,33,33,27,33,33,33,33,33,33,33,33,33,33,33,37,33,33,33,33,33,33,27,33,22,33,33,33,33,27,27,27,,,,,,,,,,,,,,,,,,,,,,,,,,,,,,,,,,,
2,,,,,,,,,,,,,,,,,,,,,,,,,,,,,,,,,,,,,,,,,,,,,,,,,,,,,,,,,,,,,,,,,,,,,,,,,,,,
CGGCGTCTCCGCGTTCCTCCCCCTCTCCCGGTACCAGGGTC,,,,,,,,,,,,,,,,,,,,,,,,,,,,,,,,,,,,,,,,,,,,,,,,,,,,,,,,,,,,,,,,,,,,,,,,,,,,
CGGCGTCTCCGCGTTCCTCCTCCTCTCCCGGTACCAGGGTC,,,,,,,,,,,,,,,,,,,,,,,,,,,,,,,,,,,,,,,,,,,,,,,,,,,,,,,,,,,,,,,,,,,,,,,,,,,,
4,,,,,,,,,,,,,,,,,,,,,,,,,,,,,,,,,,,,,,,,,,,,,,,,,,,,,,,,,,,,,,,,,,,,,,,,,,,,
CGGCGTCTCCGCGTTCCTCCTCCTCTCCCGGTACCAGGGTC,33,27,33,33,27,33,33,33,33,33,20,20,20,20,20,20,20,20,20,20,20,20,20,20,20,20,20,20,20,20,20,20,20,20,20,20,20,20,20,20,20,,,,,,,,,,,,,,,,,,,,,,,,,,,,,,,,,,,
CGGCGTCTCCGCGTTCCTCCCCCTCTCCCGGTACCAGGGTC,27,27,6,6,6,27,33,33,33,27,33,27,33,33,27,27,37,33,33,33,33,33,33,27,33,33,33,33,27,33,33,33,33,33,33,33,33,33,33,33,33,,,,,,,,,,,,,,,,,,,,,,,,,,,,,,,,,,,
GCGTTCCTCCTCCTCTCCCGGTACCAGGGTC,20,20,20,20,20,20,20,20,20,20,20,20,20,20,20,20,20,20,20,20,20,20,20,20,20,20,20,20,20,20,20,,,,,,,,,,,,,,,,,,,,,,,,,,,,,,,,,,,,,,,,,,,,,
CTCCTCTCCCGGTACCAGGGTC,33,33,33,27,33,33,33,33,33,33,27,33,33,33,27,33,33,33,33,33,33,33,,,,,,,,,,,,,,,,,,,,,,,,,,,,,,,,,,,,,,,,,,,,,,,,,,,,,,
2,,,,,,,,,,,,,,,,,,,,,,,,,,,,,,,,,,,,,,,,,,,,,,,,,,,,,,,,,,,,,,,,,,,,,,,,,,,,
CTTATCTGCTATTTTCTGATCATGCAACGTATGTGTTAGCA,,,,,,,,,,,,,,,,,,,,,,,,,,,,,,,,,,,,,,,,,,,,,,,,,,,,,,,,,,,,,,,,,,,,,,,,,,,,
CTTATCTGCTATTTTCTGATTATGCAACGTATGTGTTAGCA,,,,,,,,,,,,,,,,,,,,,,,,,,,,,,,,,,,,,,,,,,,,,,,,,,,,,,,,,,,,,,,,,,,,,,,,,,,,
3,,,,,,,,,,,,,,,,,,,,,,,,,,,,,,,,,,,,,,,,,,,,,,,,,,,,,,,,,,,,,,,,,,,,,,,,,,,,
CTTATCTGCTATTTTCTGATCATGCAACGTATGTGTTAGCA,37,33,33,33,33,37,33,33,37,33,33,33,33,33,33,37,33,33,33,33,33,33,33,33,33,33,33,27,33,33,33,33,33,33,33,33,33,33,33,33,27,,,,,,,,,,,,,,,,,,,,,,,,,,,,,,,,,,,
ATCTGCTATTTTCTGATTATGCAACGTATGTGTTAGCA,27,27,27,27,27,27,27,27,27,27,27,27,27,27,27,27,27,27,27,27,27,27,27,27,27,27,27,27,27,27,27,27,27,27,27,27,27,27,,,,,,,,,,,,,,,,,,,,,,,,,,,,,,,,,,,,,,
TTTCTGATTATGCAACGTATGTGTTAGCA,33,33,33,33,33,33,33,33,33,33,33,33,33,33,33,33,27,33,33,33,33,22,33,27,33,33,33,33,33,,,,,,,,,,,,,,,,,,,,,,,,,,,,,,,,,,,,,,,,,,,,,,,
2,,,,,,,,,,,,,,,,,,,,,,,,,,,,,,,,,,,,,,,,,,,,,,,,,,,,,,,,,,,,,,,,,,,,,,,,,,,,
CCCATTCTCAGGAGGTTCAGCCCCAGACAAGGGCTCCGGAG,,,,,,,,,,,,,,,,,,,,,,,,,,,,,,,,,,,,,,,,,,,,,,,,,,,,,,,,,,,,,,,,,,,,,,,,,,,,
CCCATTCTCAGGAGGTTCAGTCCCAGACAAGGGCTCCGGAG,,,,,,,,,,,,,,,,,,,,,,,,,,,,,,,,,,,,,,,,,,,,,,,,,,,,,,,,,,,,,,,,,,,,,,,,,,,,
17,,,,,,,,,,,,,,,,,,,,,,,,,,,,,,,,,,,,,,,,,,,,,,,,,,,,,,,,,,,,,,,,,,,,,,,,,,,,
CCCATTCTCAGGAGGTTCAGTCCCAGACAAGGGCTCCG,21,21,21,21,21,21,21,21,21,21,21,21,21,21,21,21,21,21,21,21,21,21,21,21,21,21,21,21,21,21,21,21,21,21,21,21,21,21,,,,,,,,,,,,,,,,,,,,,,,,,,,,,,,,,,,,,,
CCCATTCTCAGGAGGTTCAGTCCCAGACAAGGGCTCCGGAG,27,27,27,27,27,27,27,27,27,27,27,27,27,27,27,27,27,27,27,27,27,27,27,27,27,27,27,27,27,27,27,27,27,27,27,27,27,27,27,27,27,,,,,,,,,,,,,,,,,,,,,,,,,,,,,,,,,,,
CCCATTCTCAGGAGGTTCAGCCCCAGACAAGGGCTCCGGAG,33,33,33,33,33,33,33,33,33,33,37,33,20,20,20,20,20,20,20,20,20,20,20,20,20,20,20,20,20,20,20,20,20,20,20,20,20,20,20,20,20,,,,,,,,,,,,,,,,,,,,,,,,,,,,,,,,,,,
CCCATTCTCAGGAGGTTCAGTGCCAGACA,33,6,6,33,27,33,33,22,27,22,33,6,27,33,33,6,33,33,33,33,27,6,6,27,27,27,27,27,33,,,,,,,,,,,,,,,,,,,,,,,,,,,,,,,,,,,,,,,,,,,,,,,
CCCATTCTCAGGAGGTTCAGTCCCAGACAAGGG,27,27,27,27,27,27,27,27,27,27,27,27,27,27,27,27,27,27,27,27,27,27,27,27,27,27,27,27,27,27,27,22,27,,,,,,,,,,,,,,,,,,,,,,,,,,,,,,,,,,,,,,,,,,,
CCCATTCTCAGGAGGTTCAGTCCCAGACAAGGGCTCCGGAG,27,27,27,27,27,27,27,27,27,27,27,27,27,27,27,27,27,27,27,27,27,27,27,27,27,27,27,27,27,27,27,27,27,27,27,27,27,27,27,27,27,,,,,,,,,,,,,,,,,,,,,,,,,,,,,,,,,,,
CCCATTCTCAGGAGGTTCAGTCCCAGACAAGGGCTCCGGAG,33,27,33,33,33,33,33,33,37,33,37,33,33,33,33,33,33,33,33,37,33,33,33,33,33,33,33,33,33,33,33,33,33,33,33,33,33,27,33,33,37,,,,,,,,,,,,,,,,,,,,,,,,,,,,,,,,,,,
CCCATTCTCAGGAGGTTCAGTCCCAGACAAGGGCTCCGGAG,27,33,33,33,33,33,33,33,37,33,33,33,33,33,33,27,33,33,33,33,33,33,33,33,33,33,33,33,33,33,33,33,33,27,27,33,33,27,33,33,37,,,,,,,,,,,,,,,,,,,,,,,,,,,,,,,,,,,
CCCATTCTCAGGAGGTTCAGTCCCAGACAAGGGCTCCGGAG,33,33,37,33,33,33,37,33,33,33,33,33,33,33,33,33,33,33,33,33,33,33,33,37,33,33,33,37,33,33,33,33,33,33,33,33,27,33,33,33,33,,,,,,,,,,,,,,,,,,,,,,,,,,,,,,,,,,,
CCCATTCTCAGGAGGTTCAGTCCCAG,33,33,33,33,33,33,33,33,37,33,33,33,33,33,33,33,33,33,33,33,33,33,33,33,33,33,,,,,,,,,,,,,,,,,,,,,,,,,,,,,,,,,,,,,,,,,,,,,,,,,,
TCTCAGGAGGTTCAGTCCCAGACAAGGGCTCCGGAG,33,27,27,27,33,27,27,33,33,33,22,22,33,33,33,33,27,27,33,33,33,33,33,33,33,33,33,33,27,27,33,33,27,33,33,27,,,,,,,,,,,,,,,,,,,,,,,,,,,,,,,,,,,,,,,,
AGGTTCAGCCCCAGACAAGGGCTCCGGAG,20,20,20,20,20,20,20,20,20,20,20,20,20,20,20,20,20,20,20,20,20,20,20,20,20,20,20,20,20,,,,,,,,,,,,,,,,,,,,,,,,,,,,,,,,,,,,,,,,,,,,,,,
AGACAAGGGCTCCGGAG,33,33,27,33,33,27,37,33,33,33,33,33,33,27,33,27,33,,,,,,,,,,,,,,,,,,,,,,,,,,,,,,,,,,,,,,,,,,,,,,,,,,,,,,,,,,,
CAAGGGCTCCGGAG,33,33,33,37,33,37,37,37,37,33,27,33,33,37,,,,,,,,,,,,,,,,,,,,,,,,,,,,,,,,,,,,,,,,,,,,,,,,,,,,,,,,,,,,,,
AAGGGCTCCGGAG,33,33,33,33,33,37,33,37,33,27,33,33,37,,,,,,,,,,,,,,,,,,,,,,,,,,,,,,,,,,,,,,,,,,,,,,,,,,,,,,,,,,,,,,,
GGGCTCCGGAG,27,33,33,33,33,33,33,22,33,33,33,,,,,,,,,,,,,,,,,,,,,,,,,,,,,,,,,,,,,,,,,,,,,,,,,,,,,,,,,,,,,,,,,
GGCTCCGGAG,27,27,27,27,27,27,27,27,27,27,,,,,,,,,,,,,,,,,,,,,,,,,,,,,,,,,,,,,,,,,,,,,,,,,,,,,,,,,,,,,,,,,,
2,,,,,,,,,,,,,,,,,,,,,,,,,,,,,,,,,,,,,,,,,,,,,,,,,,,,,,,,,,,,,,,,,,,,,,,,,,,,
GCGATCTGTGGGGACCAGGGAACCAGGGGACCAGGCAGAGC,,,,,,,,,,,,,,,,,,,,,,,,,,,,,,,,,,,,,,,,,,,,,,,,,,,,,,,,,,,,,,,,,,,,,,,,,,,,
GCGATCTGTGGGGACCAGGGGACCAGGGGACCAGGCAGAGC,,,,,,,,,,,,,,,,,,,,,,,,,,,,,,,,,,,,,,,,,,,,,,,,,,,,,,,,,,,,,,,,,,,,,,,,,,,,
5,,,,,,,,,,,,,,,,,,,,,,,,,,,,,,,,,,,,,,,,,,,,,,,,,,,,,,,,,,,,,,,,,,,,,,,,,,,,
TGTGGGGACCAGGGAACCAGGGGACCAGGCAGAGC,33,33,27,33,33,33,33,33,33,33,33,33,33,33,33,33,33,33,33,33,33,33,33,33,33,33,33,37,33,33,33,37,33,37,33,,,,,,,,,,,,,,,,,,,,,,,,,,,,,,,,,,,,,,,,,
GTGGGGACCAGGGAACCAGGGGACCAGGCAGAGC,27,27,33,27,33,33,20,20,20,20,20,20,20,20,20,20,20,20,20,20,20,20,20,20,20,20,20,20,20,20,20,20,20,20,,,,,,,,,,,,,,,,,,,,,,,,,,,,,,,,,,,,,,,,,,
ACCAGGGAACCAGGGGACCAGGCAGAGC,20,20,20,20,20,20,20,20,20,20,20,20,20,20,20,20,20,20,20,20,20,20,20,20,20,20,20,20,,,,,,,,,,,,,,,,,,,,,,,,,,,,,,,,,,,,,,,,,,,,,,,,
GGACCAGGGGACCAGGCAGAGC,27,27,22,33,33,33,33,33,33,27,33,33,22,33,33,6,27,33,33,33,33,37,,,,,,,,,,,,,,,,,,,,,,,,,,,,,,,,,,,,,,,,,,,,,,,,,,,,,,
GACCAGGCAGAGC,22,27,22,27,33,33,33,33,33,33,33,33,6,,,,,,,,,,,,,,,,,,,,,,,,,,,,,,,,,,,,,,,,,,,,,,,,,,,,,,,,,,,,,,,
8,,,,,,,,,,,,,,,,,,,,,,,,,,,,,,,,,,,,,,,,,,,,,,,,,,,,,,,,,,,,,,,,,,,,,,,,,,,,
CCATCTCATCACATCCCAACCCACTCTCAGGGCAGGACCTAACTGGGCCTCCTTGCCTAACAGCCGCATAGAACTGACTTATACTGAGGCACGCGTCCTTTACAGCATGAGCTACGATGGTGGGTTCAGAACAG,,,,,,,,,,,,,,,,,,,,,,,,,,,,,,,,,,,,,,,,,,,,,,,,,,,,,,,,,,,,,,,,,,,,,,,,,,,,
CCATCTCATCACATCCCAACCCACTCTCAGGGCAGGACCTAACTGGGCCTCCTTGCCTAACAGCCGCATAGAACTGACTTATACTGAGGCACGCGTCCTTTACAGCATGAGCTGCGATGGTGGGTTCAGAACAG,,,,,,,,,,,,,,,,,,,,,,,,,,,,,,,,,,,,,,,,,,,,,,,,,,,,,,,,,,,,,,,,,,,,,,,,,,,,
CCATCTCATCACATCCCAACCCACTCTCAGGGCAGGACCTAACTGGGCCTCCTTGCCTAACAGCCGCATAGAACTGACTTATACTGAGGCGCGCGTCCTTTACAGCATGAGCTACGATGGTGGGTTCAGAACAG,,,,,,,,,,,,,,,,,,,,,,,,,,,,,,,,,,,,,,,,,,,,,,,,,,,,,,,,,,,,,,,,,,,,,,,,,,,,
CCATCTCATCACATCCCAACCCACTCTCAGGGCAGGACCTAACTGGGCCTCCTTGCCTAACAGCCGCATAGAACTGACTTATACTGAGGCGCGCGTCCTTTACAGCATGAGCTGCGATGGTGGGTTCAGAACAG,,,,,,,,,,,,,,,,,,,,,,,,,,,,,,,,,,,,,,,,,,,,,,,,,,,,,,,,,,,,,,,,,,,,,,,,,,,,
CCATCTCATCACATCCCAACTCACTCTCAGGGCAGGACCTAACTGGGCCTCCTTGCCTAACAGCCGCATAGAACTGACTTATACTGAGGCACGCGTCCTTTACAGCATGAGCTACGATGGTGGGTTCAGAACAG,,,,,,,,,,,,,,,,,,,,,,,,,,,,,,,,,,,,,,,,,,,,,,,,,,,,,,,,,,,,,,,,,,,,,,,,,,,,
CCATCTCATCACATCCCAACTCACTCTCAGGGCAGGACCTAACTGGGCCTCCTTGCCTAACAGCCGCATAGAACTGACTTATACTGAGGCACGCGTCCTTTACAGCATGAGCTGCGATGGTGGGTTCAGAACAG,,,,,,,,,,,,,,,,,,,,,,,,,,,,,,,,,,,,,,,,,,,,,,,,,,,,,,,,,,,,,,,,,,,,,,,,,,,,
CCATCTCATCACATCCCAACTCACTCTCAGGGCAGGACCTAACTGGGCCTCCTTGCCTAACAGCCGCATAGAACTGACTTATACTGAGGCGCGCGTCCTTTACAGCATGAGCTACGATGGTGGGTTCAGAACAG,,,,,,,,,,,,,,,,,,,,,,,,,,,,,,,,,,,,,,,,,,,,,,,,,,,,,,,,,,,,,,,,,,,,,,,,,,,,
CCATCTCATCACATCCCAACTCACTCTCAGGGCAGGACCTAACTGGGCCTCCTTGCCTAACAGCCGCATAGAACTGACTTATACTGAGGCGCGCGTCCTTTACAGCATGAGCTGCGATGGTGGGTTCAGAACAG,,,,,,,,,,,,,,,,,,,,,,,,,,,,,,,,,,,,,,,,,,,,,,,,,,,,,,,,,,,,,,,,,,,,,,,,,,,,
19,,,,,,,,,,,,,,,,,,,,,,,,,,,,,,,,,,,,,,,,,,,,,,,,,,,,,,,,,,,,,,,,,,,,,,,,,,,,
CCATCTCATCACATCCCAACTCACTCTCAGGGCAGGACCTAACTGGGC,33,33,33,33,20,20,20,20,20,20,20,20,20,20,20,20,20,20,20,20,20,20,20,20,20,20,20,20,20,20,20,20,20,20,20,20,20,20,20,20,20,20,20,20,20,20,20,20,,,,,,,,,,,,,,,,,,,,,,,,,,,,
CCATCTCATCAC,33,33,6,6,33,33,22,27,33,33,22,22,,,,,,,,,,,,,,,,,,,,,,,,,,,,,,,,,,,,,,,,,,,,,,,,,,,,,,,,,,,,,,,,
CCATCTCATCACATCCCAACTCACTCTCAGGGCAGGACCTAAC,33,33,33,33,33,33,33,33,33,33,33,33,33,33,33,33,33,33,33,33,33,33,33,33,33,33,33,33,33,37,33,33,33,33,37,33,33,33,33,33,27,33,27,,,,,,,,,,,,,,,,,,,,,,,,,,,,,,,,,
CCATCTCATCACATCCCAACCCACTCTCAGGGCAGGACCTAACTGGGCCTCCT,27,27,27,27,27,27,27,27,6,27,27,27,27,27,27,27,27,27,27,27,27,27,22,27,6,27,27,27,27,27,27,27,27,27,27,27,27,27,27,27,27,27,27,27,27,27,27,27,27,27,27,27,27,,,,,,,,,,,,,,,,,,,,,,,
CCATCTCATCACATCCCAACCCACTCTCAGGGCA,27,27,27,27,27,27,27,27,27,27,27,27,27,27,27,27,27,27,27,27,27,27,27,27,27,27,27,27,27,27,27,27,27,27,,,,,,,,,,,,,,,,,,,,,,,,,,,,,,,,,,,,,,,,,,
CCATCTCATCACATCCCAACTCACTCTCAGGGCAGGACCTAA,33,37,33,33,37,33,37,33,33,37,33,33,33,33,27,33,33,33,27,33,33,33,27,33,33,33,33,33,33,33,33,33,33,33,33,33,33,33,33,27,33,33,,,,,,,,,,,,,,,,,,,,,,,,,,,,,,,,,,
CCATCTCATCACACCCCAACTCACTCTCAGGGCAGGACCTAACTGGGCCTCCT,6,33,27,33,33,33,27,27,33,33,22,33,33,6,22,27,33,27,6,33,6,22,6,27,6,22,6,22,27,22,27,27,33,33,22,22,22,27,33,27,33,27,27,6,6,6,6,6,6,6,6,6,27,,,,,,,,,,,,,,,,,,,,,,,
CCATCTCATCACATCCCAACTCACTCTCAGGGCAGGACCT,33,37,33,33,37,33,37,33,33,37,33,37,33,33,33,33,37,33,33,33,33,37,33,33,33,37,33,37,37,33,33,37,37,33,33,33,27,27,27,27,,,,,,,,,,,,,,,,,,,,,,,,,,,,,,,,,,,,
CCATCTCATCACATCCCAACTCACTCTCAGGGCA,33,37,33,33,37,33,37,33,33,33,33,37,33,33,33,33,37,33,33,37,33,33,22,37,33,37,33,37,33,33,33,27,27,27,,,,,,,,,,,,,,,,,,,,,,,,,,,,,,,,,,,,,,,,,,
CCATCTCATCACATCCCAACCCACTCTCAGGGCAGGACC,33,37,33,33,33,33,33,33,33,33,33,33,33,33,33,33,33,33,33,33,27,33,33,33,33,33,33,33,33,33,33,33,37,33,33,33,27,27,33,,,,,,,,,,,,,,,,,,,,,,,,,,,,,,,,,,,,,
CCATCTCATCACATCCCAACCCACTCTCAGGGCAGGACCTAACTGGGCCTCCT,33,37,33,33,33,33,37,33,33,37,33,37,33,33,33,33,37,33,33,33,33,37,33,37,33,33,33,37,37,33,33,33,37,33,33,37,33,33,33,33,33,33,37,33,33,33,37,37,33,33,27,33,33,,,,,,,,,,,,,,,,,,,,,,,
CCATCTCATCACATCCCAACCCACTCTCAGGGCAGGACCTAA,33,37,33,33,37,33,37,33,33,37,33,37,33,33,33,33,37,33,33,33,33,37,33,37,33,37,33,37,33,33,33,37,37,37,33,33,33,33,33,27,33,33,,,,,,,,,,,,,,,,,,,,,,,,,,,,,,,,,,
CCATCTCATCACATCCCAACCCACTCTCAGGGCAGGACCTAACTGGGCCTCCTTGCCTAACAGCCG,33,27,33,33,37,33,33,33,33,37,33,37,33,33,33,33,33,33,33,33,33,33,22,33,33,33,33,37,37,33,33,33,37,33,33,33,33,33,33,33,33,33,33,33,33,33,33,33,33,33,33,33,33,33,37,33,33,33,33,33,33,33,33,27,22,27,,,,,,,,,,
CTCATCACATCCCAACTCACTCTCAGGGCAGGACCTAACTGGGCCTCCTTGCTTAACAGCCGCATAGAACTGACT,20,20,20,20,6,20,6,20,6,6,20,20,20,20,20,20,20,20,20,20,20,20,20,20,20,20,20,20,20,20,20,20,20,20,20,6,20,6,20,20,20,20,6,20,33,27,27,27,27,6,33,33,6,27,33,27,33,33,33,33,27,33,33,33,33,33,33,33,33,33,33,27,27,33,27,
GCCTCCTTGCCTAACAGCCGCATAGAACTGACTTATACTGAGGCGCGCGTCCTTTACAGCATGAGCTGCGATGGTG,27,27,27,27,33,27,33,27,27,33,37,33,27,27,33,33,33,33,27,33,33,33,33,33,33,33,33,37,33,33,33,33,33,33,33,33,33,37,33,33,33,33,33,27,33,27,33,27,33,33,33,33,33,33,33,33,33,33,33,33,33,33,33,33,33,33,33,33,22,33,33,33,27,27,27,27
CCGCATAGAACTGACTTATACTGAGGCGCGCGTCCTTTACA,24,24,24,24,24,24,6,24,24,24,24,24,24,24,24,24,24,24,22,22,24,24,24,6,24,24,6,22,6,6,6,6,24,24,24,24,24,24,24,24,24,,,,,,,,,,,,,,,,,,,,,,,,,,,,,,,,,,,
TTATACTGAGGCGCGCGTCCTTTACAGCATGAGCTGCGATGGTGGGTTCAGAACAG,27,27,22,27,33,33,33,33,33,37,37,37,27,33,27,33,27,33,33,33,33,33,33,33,33,33,33,33,33,33,37,33,37,33,37,37,33,27,33,33,37,37,33,37,37,33,33,33,33,33,33,33,33,33,33,37,,,,,,,,,,,,,,,,,,,,
GCGATGGGGGGTTCAGACCAG,33,22,27,27,22,27,27,6,22,27,27,33,27,33,37,27,33,6,33,27,22,,,,,,,,,,,,,,,,,,,,,,,,,,,,,,,,,,,,,,,,,,,,,,,,,,,,,,,
GATGGTGGGTTCAGAACAG,27,27,27,33,27,27,33,33,33,22,33,33,27,33,33,33,27,33,33,,,,,,,,,,,,,,,,,,,,,,,,,,,,,,,,,,,,,,,,,,,,,,,,,,,,,,,,,
2,,,,,,,,,,,,,,,,,,,,,,,,,,,,,,,,,,,,,,,,,,,,,,,,,,,,,,,,,,,,,,,,,,,,,,,,,,,,
CAGACAAGGGCGGCCCTTGACGGCCCACCCACCACACACTC,,,,,,,,,,,,,,,,,,,,,,,,,,,,,,,,,,,,,,,,,,,,,,,,,,,,,,,,,,,,,,,,,,,,,,,,,,,,
CAGACAAGGGCGGCCCTTGATGGCCCACCCACCACACACTC,,,,,,,,,,,,,,,,,,,,,,,,,,,,,,,,,,,,,,,,,,,,,,,,,,,,,,,,,,,,,,,,,,,,,,,,,,,,
7,,,,,,,,,,,,,,,,,,,,,,,,,,,,,,,,,,,,,,,,,,,,,,,,,,,,,,,,,,,,,,,,,,,,,,,,,,,,
CAGACAAGGGCGGCCCTTGATGG,33,33,37,33,27,33,33,33,33,33,27,27,33,6,27,33,33,33,37,33,33,27,33,,,,,,,,,,,,,,,,,,,,,,,,,,,,,,,,,,,,,,,,,,,,,,,,,,,,,
CAGACAAGGGCGGCCCTTGATGGCCCACCCACCACACACTC,33,33,37,33,33,33,33,37,33,33,33,27,33,33,33,33,33,33,37,33,33,33,33,27,33,33,33,33,33,33,33,33,33,33,27,33,33,33,33,37,27,,,,,,,,,,,,,,,,,,,,,,,,,,,,,,,,,,,
CAGACAAGGGCGGCCCTTGATGGCCCACCCACCACACACTC,33,33,37,33,33,33,33,37,33,33,33,27,33,33,33,33,33,33,37,33,33,33,33,33,33,33,33,33,33,33,33,33,33,33,33,33,33,33,33,33,33,,,,,,,,,,,,,,,,,,,,,,,,,,,,,,,,,,,
CCACCCACCACACACTC,27,27,27,27,33,33,22,33,22,33,33,33,33,33,33,33,33,,,,,,,,,,,,,,,,,,,,,,,,,,,,,,,,,,,,,,,,,,,,,,,,,,,,,,,,,,,
ACCCACCACACACTC,27,27,27,27,33,33,33,33,33,33,33,22,33,33,33,,,,,,,,,,,,,,,,,,,,,,,,,,,,,,,,,,,,,,,,,,,,,,,,,,,,,,,,,,,,,
CACCACACACTC,24,24,24,24,24,24,24,24,24,24,24,24,,,,,,,,,,,,,,,,,,,,,,,,,,,,,,,,,,,,,,,,,,,,,,,,,,,,,,,,,,,,,,,,
ACCACACACTC,24,22,24,24,24,24,24,24,24,24,24,,,,,,,,,,,,,,,,,,,,,,,,,,,,,,,,,,,,,,,,,,,,,,,,,,,,,,,,,,,,,,,,,
2,,,,,,,,,,,,,,,,,,,,,,,,,,,,,,,,,,,,,,,,,,,,,,,,,,,,,,,,,,,,,,,,,,,,,,,,,,,,
AGCGTCAGTGCCAGGAGGCTACCCACAAACCTACCTGGCAA,,,,,,,,,,,,,,,,,,,,,,,,,,,,,,,,,,,,,,,,,,,,,,,,,,,,,,,,,,,,,,,,,,,,,,,,,,,,
AGCGTCAGTGCCAGGAGGCTCCCCACAAACCTACCTGGCAA,,,,,,,,,,,,,,,,,,,,,,,,,,,,,,,,,,,,,,,,,,,,,,,,,,,,,,,,,,,,,,,,,,,,,,,,,,,,
53,,,,,,,,,,,,,,,,,,,,,,,,,,,,,,,,,,,,,,,,,,,,,,,,,,,,,,,,,,,,,,,,,,,,,,,,,,,,
AGCGTCAGTGCCAGGAGGCTCCCCACAAACCTACCTGGCAA,33,33,27,33,33,37,33,33,33,33,33,33,33,33,33,33,33,33,33,33,22,33,6,33,33,37,33,33,33,33,33,27,33,33,33,33,33,33,33,33,33,,,,,,,,,,,,,,,,,,,,,,,,,,,,,,,,,,,
AGCGTCAGTGCCAGGAGGCTCCCCACAAACCTACCTGGCAA,33,33,27,33,33,33,33,33,33,33,33,37,33,33,33,33,33,33,37,33,33,33,33,33,33,33,33,33,33,33,33,27,27,33,33,33,33,33,33,33,27,,,,,,,,,,,,,,,,,,,,,,,,,,,,,,,,,,,
AGCGTCAGTGCCAGG,22,27,22,27,27,27,27,27,27,27,27,27,27,27,27,,,,,,,,,,,,,,,,,,,,,,,,,,,,,,,,,,,,,,,,,,,,,,,,,,,,,,,,,,,,,
AGCGGCAGTGCCAGGAGGCTCCCCACAAACCTACCTGGCAA,33,33,27,27,6,37,33,33,33,33,22,33,33,33,33,33,33,33,22,27,6,27,33,33,33,33,33,33,27,33,33,33,27,33,33,27,33,33,33,33,33,,,,,,,,,,,,,,,,,,,,,,,,,,,,,,,,,,,
AGCGTCAGTGCCAGGAGGCTACCCACAAACCTACCTGGCAA,33,27,22,27,33,33,33,33,33,33,33,33,33,33,33,33,33,33,33,33,33,33,33,33,33,33,33,33,33,33,33,33,33,33,33,33,33,33,33,27,33,,,,,,,,,,,,,,,,,,,,,,,,,,,,,,,,,,,
AGCGTCAGTGCCAGGAGGCTCCCCACAAACCTACCTGGCAA,33,22,27,6,33,33,33,33,27,6,6,27,6,33,27,37,33,27,33,27,33,33,6,33,33,33,33,33,22,27,33,27,27,33,33,27,27,6,33,33,33,,,,,,,,,,,,,,,,,,,,,,,,,,,,,,,,,,,
AGCGTCAGTGCCAGGAGGCTACCCACAAACCTACCTGGCAA,33,33,27,33,33,33,33,33,33,33,33,33,33,33,33,33,33,33,33,27,33,27,33,33,33,33,33,33,33,33,33,33,33,33,33,33,33,33,33,27,33,,,,,,,,,,,,,,,,,,,,,,,,,,,,,,,,,,,
AGCGTCAGTGCCAGGAGGCTCCCCACAAACCTACCTGGCAA,33,33,27,33,33,33,33,33,33,33,33,33,33,33,33,33,33,33,37,33,33,33,33,33,33,33,33,33,33,33,33,33,33,33,37,33,33,33,33,33,33,,,,,,,,,,,,,,,,,,,,,,,,,,,,,,,,,,,
AGCGTCAGTGCCAGGAGGCTCCCCACAAACCTACCTGGCAA,33,33,27,33,33,33,33,33,33,33,33,33,33,33,33,33,33,33,37,33,33,33,33,37,33,33,33,33,33,33,33,33,33,33,33,33,33,33,33,33,33,,,,,,,,,,,,,,,,,,,,,,,,,,,,,,,,,,,
AGCGTCAGTGCCAGGAGGCTACCCACAAACC,33,33,27,33,33,33,33,27,33,33,33,33,33,33,33,33,33,33,33,33,27,33,33,33,33,33,33,27,27,33,33,,,,,,,,,,,,,,,,,,,,,,,,,,,,,,,,,,,,,,,,,,,,,
AGCGTCAGTGCCAGGAGGCTCCCCACAAACCTACCTGGCAA,33,33,27,27,33,37,33,33,33,33,33,37,33,33,33,33,33,33,37,33,33,33,33,37,33,33,33,33,33,33,37,33,33,33,33,33,33,33,33,33,33,,,,,,,,,,,,,,,,,,,,,,,,,,,,,,,,,,,
AGCGTCAGTGCCAGGAGGCTCCCCACAAACCTACCTGGCAA,33,33,22,33,33,37,33,33,33,33,37,37,33,33,33,33,33,33,37,33,33,33,33,33,33,33,33,33,33,33,37,33,33,33,37,33,33,33,33,33,33,,,,,,,,,,,,,,,,,,,,,,,,,,,,,,,,,,,
AGCGTCAGTGCCAGGAGGCTCCCCACAAACCTACCTGGCAA,20,20,20,20,20,20,33,33,33,33,33,37,27,27,33,33,33,33,37,33,33,33,33,37,33,33,33,33,33,33,33,33,33,33,37,33,33,33,37,33,33,,,,,,,,,,,,,,,,,,,,,,,,,,,,,,,,,,,
AGCGTCAGTGCCAGGAGGCTCCCCACAAACC,27,27,27,27,27,27,27,27,27,27,27,27,27,27,27,27,27,27,27,27,27,27,27,27,27,27,27,27,27,27,27,,,,,,,,,,,,,,,,,,,,,,,,,,,,,,,,,,,,,,,,,,,,,
AGCGTCAGTGCCAGGAGGC,27,27,27,27,27,27,27,27,27,27,27,27,27,27,27,27,27,27,27,,,,,,,,,,,,,,,,,,,,,,,,,,,,,,,,,,,,,,,,,,,,,,,,,,,,,,,,,
AGCGTCAGTGCCAGGAGGCTCCCCACAAACCTACCTGGCAA,27,33,27,33,33,37,33,22,33,27,33,33,33,27,33,27,33,33,37,33,33,33,33,37,27,37,33,33,33,33,37,33,33,33,33,33,33,33,33,33,33,,,,,,,,,,,,,,,,,,,,,,,,,,,,,,,,,,,
AGCGTCAGTGCCAGGAGGCTACCCACAAACCTACCTGGCAA,33,33,27,27,33,33,33,33,33,33,33,33,33,33,33,33,33,33,33,33,33,33,33,33,33,33,33,33,33,33,33,33,33,33,33,33,33,33,33,33,33,,,,,,,,,,,,,,,,,,,,,,,,,,,,,,,,,,,
AGCGTCAGTGCCAGGAGGCTACCCACAAACCTA,33,33,27,33,33,33,33,33,33,27,33,33,33,33,33,33,33,33,27,33,33,33,33,33,33,33,33,33,27,27,33,27,27,,,,,,,,,,,,,,,,,,,,,,,,,,,,,,,,,,,,,,,,,,,
AGCGTCAGTGCCAGGAGGCTCCCCACAAA,27,27,27,27,27,27,27,27,27,27,27,27,27,27,27,27,27,27,27,27,27,27,27,27,27,27,27,27,27,,,,,,,,,,,,,,,,,,,,,,,,,,,,,,,,,,,,,,,,,,,,,,,
AGCGTCAGTGCCAGGAGGCTACCCAC,33,33,27,33,27,33,33,33,33,33,33,33,33,27,27,33,27,6,6,27,22,33,27,27,27,27,,,,,,,,,,,,,,,,,,,,,,,,,,,,,,,,,,,,,,,,,,,,,,,,,,
AGCGTCAGTGCCAGGAGGCTCCCCACAAACCTACCTGGCAA,33,33,27,33,33,33,33,33,33,33,33,37,33,33,33,33,33,33,33,33,33,33,33,33,33,33,33,33,33,33,33,27,33,33,33,33,33,33,6,33,33,,,,,,,,,,,,,,,,,,,,,,,,,,,,,,,,,,,
AGCGTCAGTGCCAGG,27,27,27,27,27,27,27,27,27,27,27,27,27,27,27,,,,,,,,,,,,,,,,,,,,,,,,,,,,,,,,,,,,,,,,,,,,,,,,,,,,,,,,,,,,,
AGCGTCAGTGCCAGGAGGCTACCCCCAAACCTACCTGGCAA,33,33,27,33,33,37,33,33,33,27,33,33,33,33,37,33,33,27,33,27,27,22,22,27,6,33,33,33,33,37,37,33,33,33,37,33,33,33,37,33,33,,,,,,,,,,,,,,,,,,,,,,,,,,,,,,,,,,,
AGCGTCAGTGCCAGGAGGCTACCCACAAACCTACCTGGCAA,33,37,27,33,33,37,33,33,33,37,33,37,33,33,33,33,33,37,37,33,33,33,33,37,33,33,33,33,33,33,33,33,33,33,37,33,33,37,37,33,33,,,,,,,,,,,,,,,,,,,,,,,,,,,,,,,,,,,
AGCGTCAGTGCCAGGAG,27,27,27,27,27,27,27,27,27,27,27,27,27,27,27,27,27,,,,,,,,,,,,,,,,,,,,,,,,,,,,,,,,,,,,,,,,,,,,,,,,,,,,,,,,,,,
AGCGTCAGTGCCAGGAGGCTACCCACAAACCTACCTGGCAA,33,37,27,33,33,37,33,33,33,33,37,37,33,33,33,37,33,33,37,33,33,33,33,37,33,37,33,33,33,33,37,27,33,33,37,33,33,37,37,33,33,,,,,,,,,,,,,,,,,,,,,,,,,,,,,,,,,,,
AGCGTCAGTGCCAGGAGGCTCCCCACAAACCTACCTGGCAA,33,33,27,33,33,37,37,33,33,33,33,37,33,33,33,37,33,33,37,33,33,33,33,37,33,37,33,33,33,33,37,33,33,33,37,33,33,33,33,33,33,,,,,,,,,,,,,,,,,,,,,,,,,,,,,,,,,,,
AGCGTCAGTGCCAGGAGGCTACCCACAAAC,33,37,27,33,33,33,37,33,33,33,33,33,33,33,33,33,33,33,37,33,33,37,33,37,33,37,33,27,27,33,,,,,,,,,,,,,,,,,,,,,,,,,,,,,,,,,,,,,,,,,,,,,,
AGCGTCAGTGCCAGGAGGCTCCCCACAAACCT,33,33,27,33,33,33,33,33,33,33,33,33,33,33,33,33,33,33,33,33,33,33,33,33,33,33,33,33,33,27,27,27,,,,,,,,,,,,,,,,,,,,,,,,,,,,,,,,,,,,,,,,,,,,
AGCGTCAGTGCCAGGAGGCTACCCACAAACCTA,33,37,27,33,33,37,37,33,33,37,33,33,33,33,33,33,33,33,37,33,33,33,33,37,33,37,33,33,33,33,33,27,33,,,,,,,,,,,,,,,,,,,,,,,,,,,,,,,,,,,,,,,,,,,
AGCGTCAGTGCCAGGAGGCTACCCACAAACCTACCTGGCAA,33,27,22,33,33,33,33,33,33,33,27,27,33,33,37,33,33,33,33,27,27,33,33,27,6,27,33,33,33,33,33,27,22,37,33,33,33,33,33,27,27,,,,,,,,,,,,,,,,,,,,,,,,,,,,,,,,,,,
AGCGTCAGTGCCAGGAGGCTCCCCACAAAC,33,33,27,33,33,37,33,33,33,33,33,37,33,33,37,33,33,33,33,33,33,33,33,37,33,33,33,27,33,33,,,,,,,,,,,,,,,,,,,,,,,,,,,,,,,,,,,,,,,,,,,,,,
AGCGTCAGTGCCAGGAGGCTCCCCACAAACCTACCTGGCAA,37,33,27,33,33,37,37,33,33,33,33,33,33,33,33,37,33,33,33,33,33,33,33,33,27,37,33,33,33,33,33,27,33,33,37,33,33,33,33,33,27,,,,,,,,,,,,,,,,,,,,,,,,,,,,,,,,,,,
AGCGTCAGTGCCAGGAGGCTCCCCACAAACCTACCTGGCAA,33,33,27,33,33,37,37,33,33,33,33,37,33,33,33,33,33,33,37,33,33,33,33,37,33,37,33,33,33,33,37,33,33,33,33,33,33,33,37,33,33,,,,,,,,,,,,,,,,,,,,,,,,,,,,,,,,,,,
GCGTCAGTGCCAGGAGGCTACCCACCAACCTACCTGGCAA,27,22,22,33,27,33,22,6,6,22,33,33,22,6,22,22,27,6,27,27,6,6,27,6,22,6,22,33,27,33,27,27,6,33,6,27,33,33,27,27,,,,,,,,,,,,,,,,,,,,,,,,,,,,,,,,,,,,
GTCAGTGCCAGGAGGCTCCCCACAAACCTACCTGGCAA,33,33,33,33,33,33,33,33,37,33,33,37,33,33,33,33,33,33,33,33,37,33,37,33,33,33,33,37,33,33,33,37,33,33,37,37,33,33,,,,,,,,,,,,,,,,,,,,,,,,,,,,,,,,,,,,,,
CAGTGCCAGGAGGCTCCCCACAAACCTACCTGGCAA,33,33,27,33,27,33,37,33,33,33,27,33,33,37,33,33,27,33,33,33,37,33,33,33,33,37,33,33,33,37,33,33,33,37,33,33,,,,,,,,,,,,,,,,,,,,,,,,,,,,,,,,,,,,,,,,
CAGTGCCAGGAGGCTACCCACAAACCTACCTGGCAA,33,33,27,33,27,33,37,33,33,33,33,33,27,37,33,27,33,33,37,33,37,33,33,33,33,37,33,27,33,37,33,33,33,33,33,33,,,,,,,,,,,,,,,,,,,,,,,,,,,,,,,,,,,,,,,,
AGTGCCAGGAGGCTACCCACAAACCTA,33,22,33,6,33,33,33,22,27,33,6,27,6,27,6,6,6,27,33,33,33,33,33,33,33,27,27,,,,,,,,,,,,,,,,,,,,,,,,,,,,,,,,,,,,,,,,,,,,,,,,,
TGCCAGGAGGCTCCCCACAAACCTACCTGGCAA,33,33,33,37,33,33,37,33,33,33,37,33,33,33,33,37,33,37,37,33,33,33,37,33,33,33,37,33,33,33,37,33,33,,,,,,,,,,,,,,,,,,,,,,,,,,,,,,,,,,,,,,,,,,,
GCCAGGAGGCTACCCACAAACCTACCTGGCAA,33,33,33,33,33,37,33,33,37,37,33,33,37,33,37,33,37,33,33,33,33,37,33,33,33,37,33,33,33,37,37,33,,,,,,,,,,,,,,,,,,,,,,,,,,,,,,,,,,,,,,,,,,,,
CAGGAGGCTCCCCACAAACCTACCTGGCAA,33,27,27,33,33,33,27,37,33,27,33,33,37,33,33,33,33,27,33,37,33,33,33,37,33,33,33,33,33,33,,,,,,,,,,,,,,,,,,,,,,,,,,,,,,,,,,,,,,,,,,,,,,
AGGCTCCCCACAAACCTACCTGGCAA,33,27,33,33,33,27,33,33,37,27,37,33,33,33,33,37,33,33,33,37,33,33,33,33,33,33,,,,,,,,,,,,,,,,,,,,,,,,,,,,,,,,,,,,,,,,,,,,,,,,,,
AGGCTCCCCACAAACCTACCTGGCAA,33,33,33,33,33,33,33,33,37,33,37,33,33,33,37,37,33,33,33,33,33,33,37,37,33,33,,,,,,,,,,,,,,,,,,,,,,,,,,,,,,,,,,,,,,,,,,,,,,,,,,
GCTACCCACAAACCTACCTGGCAA,33,33,27,33,33,33,37,33,37,33,33,33,33,37,33,33,33,37,33,33,33,33,33,33,,,,,,,,,,,,,,,,,,,,,,,,,,,,,,,,,,,,,,,,,,,,,,,,,,,,
TACCCACAAACCTACCTGGCAA,27,27,22,33,33,33,37,33,33,33,33,37,33,33,33,37,33,33,33,33,33,33,,,,,,,,,,,,,,,,,,,,,,,,,,,,,,,,,,,,,,,,,,,,,,,,,,,,,,
ACCCACAAACCTACCTGGCAA,27,22,27,33,33,37,33,33,33,33,37,33,33,33,33,33,33,33,37,33,33,,,,,,,,,,,,,,,,,,,,,,,,,,,,,,,,,,,,,,,,,,,,,,,,,,,,,,,
ACAAACCTACCTGGCAA,33,33,33,33,33,33,27,27,27,27,33,33,27,27,33,27,6,,,,,,,,,,,,,,,,,,,,,,,,,,,,,,,,,,,,,,,,,,,,,,,,,,,,,,,,,,,
AAACCTACCTGGCAA,33,33,33,27,33,33,33,33,33,33,33,33,33,33,33,,,,,,,,,,,,,,,,,,,,,,,,,,,,,,,,,,,,,,,,,,,,,,,,,,,,,,,,,,,,,
AACCTACCTGGCAA,33,27,27,33,22,27,27,27,33,33,33,33,33,33,,,,,,,,,,,,,,,,,,,,,,,,,,,,,,,,,,,,,,,,,,,,,,,,,,,,,,,,,,,,,,
AACCTACCTGACAA,33,6,27,37,33,27,33,33,33,22,6,33,6,27,,,,,,,,,,,,,,,,,,,,,,,,,,,,,,,,,,,,,,,,,,,,,,,,,,,,,,,,,,,,,,
AACCTACCTGGCAA,33,33,33,33,33,33,37,37,33,33,33,33,33,33,,,,,,,,,,,,,,,,,,,,,,,,,,,,,,,,,,,,,,,,,,,,,,,,,,,,,,,,,,,,,,
ACCTACCTGGCAA,27,27,27,27,33,33,33,33,33,33,37,33,33,,,,,,,,,,,,,,,,,,,,,,,,,,,,,,,,,,,,,,,,,,,,,,,,,,,,,,,,,,,,,,,
2,,,,,,,,,,,,,,,,,,,,,,,,,,,,,,,,,,,,,,,,,,,,,,,,,,,,,,,,,,,,,,,,,,,,,,,,,,,,
CTTCAGAGGAAGGGGGTCAAATGGGACATGGCTGACTCAGG,,,,,,,,,,,,,,,,,,,,,,,,,,,,,,,,,,,,,,,,,,,,,,,,,,,,,,,,,,,,,,,,,,,,,,,,,,,,
CTTCAGAGGAAGGGGGTCAACTGGGACATGGCTGACTCAGG,,,,,,,,,,,,,,,,,,,,,,,,,,,,,,,,,,,,,,,,,,,,,,,,,,,,,,,,,,,,,,,,,,,,,,,,,,,,
7,,,,,,,,,,,,,,,,,,,,,,,,,,,,,,,,,,,,,,,,,,,,,,,,,,,,,,,,,,,,,,,,,,,,,,,,,,,,
CTTCAGAGGAAGGGGGTCAACTGGGACATGGCTG,33,33,33,33,33,33,33,37,33,33,27,33,33,20,20,20,6,20,20,20,20,20,20,20,20,20,20,20,20,20,20,20,20,20,,,,,,,,,,,,,,,,,,,,,,,,,,,,,,,,,,,,,,,,,,
CTTCAGAGGAAGGGGGTCAAATGGGACATGGCTGAC,33,33,33,33,33,33,33,20,20,20,20,20,20,20,20,20,20,20,20,20,20,20,20,20,20,20,20,20,20,20,20,20,20,20,20,20,,,,,,,,,,,,,,,,,,,,,,,,,,,,,,,,,,,,,,,,
CTTCAGAGGAAGGGGGTCAAATGGGACATGGCTGACTCAGG,33,33,33,33,33,33,33,33,33,33,33,37,33,33,33,33,27,33,33,33,33,33,33,33,33,33,33,33,33,33,33,33,33,37,22,27,33,33,27,33,33,,,,,,,,,,,,,,,,,,,,,,,,,,,,,,,,,,,
CTTCAGAGGAAGGGGGTC,33,33,33,33,33,33,33,33,33,33,33,33,33,33,27,33,33,33,,,,,,,,,,,,,,,,,,,,,,,,,,,,,,,,,,,,,,,,,,,,,,,,,,,,,,,,,,
GGAAGGGGGTCAAATGGGACATGGCTGACTCAGG,20,20,6,20,20,20,20,20,20,20,20,20,20,20,20,20,20,20,20,20,20,20,20,20,20,20,20,20,20,33,33,33,33,33,,,,,,,,,,,,,,,,,,,,,,,,,,,,,,,,,,,,,,,,,,
GGGTCAACTGGGACATGGCTGACTCAGG,20,20,6,20,20,20,20,20,20,20,20,20,20,20,20,20,20,20,20,20,20,33,37,33,37,33,33,33,,,,,,,,,,,,,,,,,,,,,,,,,,,,,,,,,,,,,,,,,,,,,,,,
ATGGGACATGGCTGACTCAGG,33,33,27,33,37,33,33,33,33,37,33,33,33,33,33,33,33,33,33,37,33,,,,,,,,,,,,,,,,,,,,,,,,,,,,,,,,,,,,,,,,,,,,,,,,,,,,,,,
2,,,,,,,,,,,,,,,,,,,,,,,,,,,,,,,,,,,,,,,,,,,,,,,,,,,,,,,,,,,,,,,,,,,,,,,,,,,,
CCTGGCCTCAAGGATAAAGCCAGGGTCCAGCTCAAAGGCTT,,,,,,,,,,,,,,,,,,,,,,,,,,,,,,,,,,,,,,,,,,,,,,,,,,,,,,,,,,,,,,,,,,,,,,,,,,,,
CCTGGCCTCAAGGATAAAGCTAGGGTCCAGCTCAAAGGCTT,,,,,,,,,,,,,,,,,,,,,,,,,,,,,,,,,,,,,,,,,,,,,,,,,,,,,,,,,,,,,,,,,,,,,,,,,,,,
67,,,,,,,,,,,,,,,,,,,,,,,,,,,,,,,,,,,,,,,,,,,,,,,,,,,,,,,,,,,,,,,,,,,,,,,,,,,,
CCTGGCCTCAAGGATAAAGCTAGGGTCCAGCTCAAAGGCTT,33,33,33,33,33,33,33,33,33,33,33,33,33,33,33,33,33,33,33,33,33,33,33,33,33,33,33,33,33,37,33,33,33,33,33,27,33,33,33,33,33,,,,,,,,,,,,,,,,,,,,,,,,,,,,,,,,,,,
CCTGGCCTCAAGGATAAAGCCAGGGTCCAGCTCAAAGGCTT,21,21,21,21,21,21,21,21,21,21,21,21,21,21,21,21,21,21,21,21,21,21,21,21,21,21,21,21,21,21,21,21,21,21,21,21,21,21,21,21,21,,,,,,,,,,,,,,,,,,,,,,,,,,,,,,,,,,,
CCTGGCCTCAAGGATAAAGCCAGGGTCCAGCTCAAAGGCTT,33,33,33,33,33,33,33,33,33,33,33,33,33,33,33,33,33,33,33,33,33,33,33,33,33,27,33,33,33,37,33,33,33,33,33,33,33,33,33,33,33,,,,,,,,,,,,,,,,,,,,,,,,,,,,,,,,,,,
CCTGGCCTCAAGGATAAAGCCAGGGTCCAGCTCAAAGG,33,33,33,33,33,33,33,33,33,33,33,33,33,22,33,33,33,27,27,27,33,33,37,33,33,33,33,33,33,37,33,33,33,33,33,27,33,27,,,,,,,,,,,,,,,,,,,,,,,,,,,,,,,,,,,,,,
CCTGGCCTCAAGGATAAAGCCAGGGTCCAGCTCAAAGGC,6,27,22,22,27,22,22,33,33,27,6,33,33,6,20,20,20,6,20,20,6,20,20,20,20,20,20,20,20,20,20,20,20,6,20,20,20,6,20,,,,,,,,,,,,,,,,,,,,,,,,,,,,,,,,,,,,,
CCTGGCCTCAAGGATAAAGCCAGGGTCCAGCTCA,20,20,20,20,20,20,20,20,20,20,20,20,20,20,20,20,20,20,20,20,20,20,20,20,20,20,20,20,20,20,20,20,20,20,,,,,,,,,,,,,,,,,,,,,,,,,,,,,,,,,,,,,,,,,,
CCTGGCCTCAAGGATAAAGCTAGGGTCCAGCTCAAAGGCTT,33,33,33,33,33,33,33,33,33,33,33,33,33,33,33,33,33,33,37,33,33,33,33,33,33,33,33,33,33,37,33,33,33,33,33,33,37,33,33,33,33,,,,,,,,,,,,,,,,,,,,,,,,,,,,,,,,,,,
CCTGGCCTCAAGGATAAAGCTAGGGTCCAGCTCAAAGGCTT,22,33,27,33,33,27,33,33,27,33,33,33,33,27,33,27,22,33,33,33,27,27,33,27,27,22,33,33,27,37,33,33,33,33,33,27,33,33,27,33,33,,,,,,,,,,,,,,,,,,,,,,,,,,,,,,,,,,,
CCTGGCCTCAAGGATAAAGTCAGGGCCCAGCT,6,27,33,33,33,6,6,27,22,6,27,33,6,22,27,33,33,27,27,22,33,27,22,6,6,6,22,6,22,22,6,27,,,,,,,,,,,,,,,,,,,,,,,,,,,,,,,,,,,,,,,,,,,,
CCTGGCCTCAAGGATAAAGCCAGGGTCCAGCTCAAAGGCTT,6,27,22,27,27,27,22,33,33,33,33,33,33,22,33,27,33,27,27,27,22,27,33,33,33,33,33,33,33,37,33,6,33,33,27,33,33,33,33,33,33,,,,,,,,,,,,,,,,,,,,,,,,,,,,,,,,,,,
CCTGGCCTCAAGGATAAAGCTAGGGTCCAGCTCAAAGGCTT,21,21,21,21,21,21,21,21,21,21,21,21,21,21,21,21,21,21,21,21,21,21,21,21,21,6,21,21,21,21,21,21,21,21,21,21,21,21,21,21,21,,,,,,,,,,,,,,,,,,,,,,,,,,,,,,,,,,,
CCTGGCCTCAAG,6,33,33,37,33,33,33,33,33,27,6,33,,,,,,,,,,,,,,,,,,,,,,,,,,,,,,,,,,,,,,,,,,,,,,,,,,,,,,,,,,,,,,,,
CCTGGCCTCAAGGATAAAGCCAGGGTCCAGCTCAAAGGCTT,27,27,27,27,27,27,27,27,27,27,27,27,27,27,27,27,27,27,27,27,27,27,27,27,27,27,27,27,27,27,27,27,27,27,27,27,27,27,27,27,27,,,,,,,,,,,,,,,,,,,,,,,,,,,,,,,,,,,
CCTGGCCTCAAGGATAAAGCCAGGGTCCAGCTCAAAGGCTT,33,33,33,33,33,33,33,27,33,33,33,33,33,33,33,33,33,33,37,6,33,33,22,33,27,6,33,33,33,37,33,33,33,33,33,33,33,33,33,33,33,,,,,,,,,,,,,,,,,,,,,,,,,,,,,,,,,,,
CCTGGCCTCAAGGATAAAGCTAGGGTCCAGCTCAAA,27,6,33,22,27,22,27,22,6,6,33,6,27,27,27,6,22,6,27,6,33,27,33,33,33,27,33,6,33,37,6,37,27,22,33,33,,,,,,,,,,,,,,,,,,,,,,,,,,,,,,,,,,,,,,,,
CCTGGCCTCAAGGATAAAGCCAGGGTCCAGCTCAAAGG,20,20,20,20,20,20,20,20,20,20,20,20,20,20,20,20,20,20,20,20,20,20,20,20,20,20,20,20,20,20,20,20,20,20,20,20,20,20,,,,,,,,,,,,,,,,,,,,,,,,,,,,,,,,,,,,,,
CCTGGCCTCAAGGATAAAGCCAGGGTCCAGCTCAAAGGCTT,20,20,20,20,20,20,20,20,20,20,20,20,20,20,20,20,20,20,20,20,20,20,20,20,20,20,20,20,20,20,20,20,20,20,20,20,20,20,20,20,20,,,,,,,,,,,,,,,,,,,,,,,,,,,,,,,,,,,
CCGGGCCTCAAGGATAAAGCTAGGGTCCAGCTCAAAGGCTT,22,33,6,22,6,6,27,6,22,33,33,33,33,27,27,20,20,20,20,20,20,6,20,6,20,20,20,20,6,20,20,20,20,20,20,20,20,20,20,20,20,,,,,,,,,,,,,,,,,,,,,,,,,,,,,,,,,,,
CCTGGCCTCAAGGATAAAGCTAGGGTCCAGC,33,33,33,33,33,33,33,33,33,33,33,33,33,33,33,27,33,33,33,33,33,27,33,33,33,33,33,33,33,33,27,,,,,,,,,,,,,,,,,,,,,,,,,,,,,,,,,,,,,,,,,,,,,
CCTGGCCTCAAGGATAAAGCCAGGGTCCAGCTCA,27,33,27,33,33,33,33,33,33,27,27,27,27,27,27,27,27,33,27,6,27,27,33,22,27,27,27,27,33,33,33,33,27,33,,,,,,,,,,,,,,,,,,,,,,,,,,,,,,,,,,,,,,,,,,
CCTGGCCTCAAGGATAAAGCCAGGGTCCAGCTCAAAGGCTT,33,33,27,33,33,27,33,33,33,33,33,33,33,27,27,20,20,20,20,20,20,20,20,20,6,20,20,20,20,20,20,20,20,20,20,20,20,20,20,20,20,,,,,,,,,,,,,,,,,,,,,,,,,,,,,,,,,,,
CCTGGCCTCAAGGATAAAGCTAGGGTCCAGCTCAAAGGCTT,33,33,33,37,33,33,33,33,33,33,33,37,33,33,33,33,33,33,37,33,33,33,33,33,33,33,37,33,33,37,33,33,33,33,37,20,20,20,20,20,20,,,,,,,,,,,,,,,,,,,,,,,,,,,,,,,,,,,
CCTGGCCTCAAGGATAAAGCCAGGGTCCAGCTCAAAGGCTT,33,33,33,33,33,33,33,33,33,33,33,37,33,33,33,20,20,20,20,20,20,20,20,20,20,20,20,20,20,20,20,20,20,20,20,20,20,20,20,20,20,,,,,,,,,,,,,,,,,,,,,,,,,,,,,,,,,,,
CCTGGCCTCAAGGATAAAGCTAGGGTCCAGCTCAAAGGCTT,33,33,33,33,33,37,33,33,37,33,33,37,33,33,33,33,33,27,6,22,6,6,20,20,20,20,20,20,20,6,6,20,20,20,20,20,20,20,6,20,20,,,,,,,,,,,,,,,,,,,,,,,,,,,,,,,,,,,
CCTGGCCTCAAGGATAAAGCCAGGGTCCAGCTCAAAG,33,33,37,37,33,33,33,33,37,33,33,33,33,33,33,33,27,33,33,33,33,33,33,33,33,33,33,33,33,33,33,33,33,33,33,33,33,,,,,,,,,,,,,,,,,,,,,,,,,,,,,,,,,,,,,,,
CCTGGCCTCAAGGATAAAGCCAGGGTCCAGCTCAAAGGCTT,37,33,33,37,33,37,33,33,33,33,33,33,33,33,33,33,33,33,37,37,33,33,37,37,33,33,37,33,33,37,33,37,33,33,33,33,33,33,33,33,33,,,,,,,,,,,,,,,,,,,,,,,,,,,,,,,,,,,
CCTGGCCTCAAG,20,20,20,20,20,20,20,20,20,20,20,20,,,,,,,,,,,,,,,,,,,,,,,,,,,,,,,,,,,,,,,,,,,,,,,,,,,,,,,,,,,,,,,,
CCTGGCCTCAAGGATAAAGCCAGGGTCCAGCTCAAAGGCTT,33,33,33,37,37,37,33,33,33,33,33,37,33,33,33,33,33,33,33,33,33,33,37,33,33,33,33,33,33,37,33,33,33,33,33,33,37,33,33,33,33,,,,,,,,,,,,,,,,,,,,,,,,,,,,,,,,,,,
CCTGGCCTCAAGGATAAAGCTAGGGTC,20,20,20,20,20,20,20,20,20,20,20,20,20,20,20,20,20,20,20,20,20,20,20,20,20,20,20,,,,,,,,,,,,,,,,,,,,,,,,,,,,,,,,,,,,,,,,,,,,,,,,,
CCTGGCCTCAAGGATAAAGCCAGGGTCCAGCT,33,33,33,33,27,33,22,33,33,33,33,20,20,20,20,20,20,20,20,20,20,20,20,20,6,6,20,20,20,20,20,20,,,,,,,,,,,,,,,,,,,,,,,,,,,,,,,,,,,,,,,,,,,,
CCTGGCCTCAAGGATAAAGCCAGGGTCCAGCTCAAAGGCTT,33,37,33,33,33,33,37,33,33,33,37,33,33,33,33,33,33,33,33,33,33,33,33,33,33,33,33,33,33,33,37,33,33,33,33,33,33,33,37,33,33,,,,,,,,,,,,,,,,,,,,,,,,,,,,,,,,,,,
CCTGGCCTCAAGGATAAAGCCAGGGTCCAGCTCAAAGGCTT,33,33,33,33,33,6,33,33,33,33,33,33,33,33,33,33,33,33,33,33,33,33,33,27,33,33,33,33,33,33,33,33,33,33,33,33,33,33,37,33,6,,,,,,,,,,,,,,,,,,,,,,,,,,,,,,,,,,,
CCTGGCCTCAAGGATAAAGCCAGGGTCCAGCTCAAAGGCTT,20,20,20,20,20,20,20,20,20,20,20,20,20,20,20,20,20,20,20,20,20,20,20,20,20,20,20,20,20,20,20,20,20,20,33,33,33,33,33,33,33,,,,,,,,,,,,,,,,,,,,,,,,,,,,,,,,,,,
CCTGGCCTCAAGGATAAAGCTAGGGTCCAGCTCAAAGGCTT,20,37,33,33,33,33,37,33,27,33,33,33,33,33,33,33,33,33,33,33,33,33,33,33,33,33,33,33,33,33,33,33,33,33,33,33,33,33,33,33,33,,,,,,,,,,,,,,,,,,,,,,,,,,,,,,,,,,,
CCTGGCCTCAAGGATAAAGCCAGGGTCC,33,37,33,33,33,33,37,33,33,33,33,33,33,33,33,33,33,33,33,33,33,33,33,33,27,33,33,33,,,,,,,,,,,,,,,,,,,,,,,,,,,,,,,,,,,,,,,,,,,,,,,,
CCTGGCCTCAAGGATAAAGCCAGGGTCCAGCTCAAAGGCTT,20,20,20,20,20,20,20,20,20,20,20,20,20,20,20,20,20,20,20,20,20,20,20,20,20,20,20,20,20,20,20,20,20,20,20,20,20,20,37,33,33,,,,,,,,,,,,,,,,,,,,,,,,,,,,,,,,,,,
CCTGGCCTCAAGGATAAAGCCAGGGTCCAGCTCAAAGGCTT,20,20,20,20,20,20,20,20,20,20,20,20,20,20,20,20,20,20,20,20,20,20,20,20,20,20,20,20,20,20,20,20,20,20,20,20,20,20,20,20,20,,,,,,,,,,,,,,,,,,,,,,,,,,,,,,,,,,,
CCTGGCCTCAAGGATAAAGCCAGGGTCCAGCTCAAAGGCTT,20,20,20,20,20,20,20,20,20,20,20,20,27,22,27,33,33,33,27,33,37,33,33,27,33,27,33,33,33,37,33,6,27,33,33,33,33,33,27,33,33,,,,,,,,,,,,,,,,,,,,,,,,,,,,,,,,,,,
CCTGGCCTCAAGGATAAAGCTAGGGTCCAGCTCAAAGGCTT,20,20,20,20,20,20,20,20,20,20,20,20,20,20,20,20,20,20,20,20,20,20,20,20,20,20,20,37,37,33,37,33,37,33,33,33,33,33,37,33,33,,,,,,,,,,,,,,,,,,,,,,,,,,,,,,,,,,,
CCTGGCCTCAAGGATATAGCCAGGGTCCAGCTCAAAGGCTT,20,37,33,33,33,37,37,33,37,33,37,33,33,33,33,33,27,33,33,37,37,33,33,33,33,33,37,33,33,33,37,33,33,33,33,37,33,33,37,33,33,,,,,,,,,,,,,,,,,,,,,,,,,,,,,,,,,,,
GGCCTCAAGGATAAAGCCAGGGTCCAGCTCAA,27,22,6,27,6,27,27,27,27,27,27,6,6,27,27,27,27,27,27,27,27,27,27,27,27,27,27,27,22,27,22,27,,,,,,,,,,,,,,,,,,,,,,,,,,,,,,,,,,,,,,,,,,,,
GGCCTCAAGGATAAAGCTAGGGTCCAGCTCAAAGGCTT,33,33,33,33,33,37,33,33,33,33,33,33,33,33,33,37,37,33,37,33,33,33,37,33,37,33,33,37,33,37,33,33,33,33,33,37,33,33,,,,,,,,,,,,,,,,,,,,,,,,,,,,,,,,,,,,,,
GCCTCAAGGATAAAGCTAGGGTCCAGCTCAAAGGCTT,33,33,33,33,33,33,33,33,33,33,33,33,33,33,33,33,33,33,33,33,33,33,33,33,33,33,33,33,33,33,20,20,20,20,20,20,20,,,,,,,,,,,,,,,,,,,,,,,,,,,,,,,,,,,,,,,
CCTCAAGGATAAAGCTAGGGTCCAGCTCAAAGGCTT,27,27,27,33,33,33,33,33,33,33,33,33,33,37,33,33,33,37,33,33,33,33,33,33,37,37,37,33,33,33,33,37,33,33,33,33,,,,,,,,,,,,,,,,,,,,,,,,,,,,,,,,,,,,,,,,
TCAAGGATAAAGCTAGGGTCCAGCTCAAAGGCTT,27,27,27,27,33,33,33,33,33,33,27,33,33,33,33,33,33,33,33,33,27,33,33,33,33,33,33,33,33,33,33,33,33,33,,,,,,,,,,,,,,,,,,,,,,,,,,,,,,,,,,,,,,,,,,
AAGGATAAAGCCAGGGTCCAGCTCAAAGGCTT,22,27,33,22,33,27,27,33,33,33,33,27,33,37,27,33,33,33,33,33,33,33,33,33,33,33,33,37,27,33,33,33,,,,,,,,,,,,,,,,,,,,,,,,,,,,,,,,,,,,,,,,,,,,
AAGGATAAAGCTAGGGTCCAGCTCAAAGGCTT,27,27,27,33,33,33,33,33,33,33,33,33,27,27,27,33,33,33,33,33,27,27,33,33,33,33,33,27,27,33,33,33,,,,,,,,,,,,,,,,,,,,,,,,,,,,,,,,,,,,,,,,,,,,
GGATAAAGCCAGGGTCCAGCTCAAAGGCTT,20,20,20,20,20,20,20,20,20,20,20,20,20,20,20,20,20,20,20,20,20,33,27,33,33,27,33,33,33,33,,,,,,,,,,,,,,,,,,,,,,,,,,,,,,,,,,,,,,,,,,,,,,
TAAAGCCAGGGTCCAGCTCAAAGGCTT,20,20,20,20,20,20,20,20,20,20,6,20,6,20,20,20,20,20,20,20,20,20,20,20,20,33,33,,,,,,,,,,,,,,,,,,,,,,,,,,,,,,,,,,,,,,,,,,,,,,,,,
AAAGCTAGGGTCCAGCTCAAAGGCTT,20,20,20,20,20,20,20,20,20,20,20,20,20,20,20,20,20,20,20,20,20,20,20,20,20,20,,,,,,,,,,,,,,,,,,,,,,,,,,,,,,,,,,,,,,,,,,,,,,,,,,
AAAGCCAGGGTCCAGCTCAAAGGCTT,20,20,20,20,20,6,20,20,20,20,20,6,20,20,20,20,20,20,20,20,20,20,20,6,6,20,,,,,,,,,,,,,,,,,,,,,,,,,,,,,,,,,,,,,,,,,,,,,,,,,,
AAAGCCAGGGTCCAGCTCAAAGGCTT,20,20,20,20,20,20,20,20,20,20,20,20,20,20,20,6,20,20,20,20,20,20,20,20,20,6,,,,,,,,,,,,,,,,,,,,,,,,,,,,,,,,,,,,,,,,,,,,,,,,,,
AAGCCAGGGTCCAGCTCAAAGGCTT,27,27,27,27,27,27,27,27,27,27,27,27,27,27,27,27,27,27,27,27,27,27,27,27,27,,,,,,,,,,,,,,,,,,,,,,,,,,,,,,,,,,,,,,,,,,,,,,,,,,,
GCTAGGGTCCAGCTCAAAGGCTT,33,33,33,27,33,33,33,33,33,33,33,33,33,33,33,33,33,33,33,33,33,33,33,,,,,,,,,,,,,,,,,,,,,,,,,,,,,,,,,,,,,,,,,,,,,,,,,,,,,
GCCAGGGTCCAGCTCAAAGGCTT,27,27,27,27,27,27,27,27,27,27,27,27,27,27,27,27,27,27,27,27,27,27,27,,,,,,,,,,,,,,,,,,,,,,,,,,,,,,,,,,,,,,,,,,,,,,,,,,,,,
CCAGGGTCCAGCTCAAAGGCTT,27,27,27,33,33,33,33,33,33,33,37,33,33,33,33,33,33,33,33,33,33,20,,,,,,,,,,,,,,,,,,,,,,,,,,,,,,,,,,,,,,,,,,,,,,,,,,,,,,
CCAGGGTCCAGCTCAAAGGCTT,27,27,27,27,27,22,22,27,27,27,27,27,27,27,27,27,27,27,27,27,27,27,,,,,,,,,,,,,,,,,,,,,,,,,,,,,,,,,,,,,,,,,,,,,,,,,,,,,,
TAGGGTCCAGCTCAAAGGCTT,20,20,20,20,20,20,20,20,20,20,20,20,20,20,20,20,20,20,20,20,20,,,,,,,,,,,,,,,,,,,,,,,,,,,,,,,,,,,,,,,,,,,,,,,,,,,,,,,
CAGGGTCCAGCTCAAAGGCTT,33,33,33,33,33,33,33,33,33,33,37,33,33,33,33,33,33,33,37,33,33,,,,,,,,,,,,,,,,,,,,,,,,,,,,,,,,,,,,,,,,,,,,,,,,,,,,,,,
GGGTCCAGCTCAAAGGCTT,27,27,27,27,27,33,33,33,33,33,33,33,33,6,33,33,33,33,33,,,,,,,,,,,,,,,,,,,,,,,,,,,,,,,,,,,,,,,,,,,,,,,,,,,,,,,,,
GGGTCCAGCTCAAAGGCTT,33,33,33,27,33,33,33,33,33,33,33,33,33,33,33,33,33,33,33,,,,,,,,,,,,,,,,,,,,,,,,,,,,,,,,,,,,,,,,,,,,,,,,,,,,,,,,,
GGTCCAGCTCAAAGGCTT,27,33,27,27,33,33,33,33,33,33,33,33,33,33,33,33,33,33,,,,,,,,,,,,,,,,,,,,,,,,,,,,,,,,,,,,,,,,,,,,,,,,,,,,,,,,,,
TCCAGCTCAAAGGCTT,27,27,27,33,33,33,33,33,33,33,33,37,33,33,20,20,,,,,,,,,,,,,,,,,,,,,,,,,,,,,,,,,,,,,,,,,,,,,,,,,,,,,,,,,,,,
CAGCTCAAAGGCTT,33,33,27,33,33,33,33,33,33,33,33,33,33,33,,,,,,,,,,,,,,,,,,,,,,,,,,,,,,,,,,,,,,,,,,,,,,,,,,,,,,,,,,,,,,
AGCTCAAAGGCTT,27,27,27,27,27,27,27,27,27,27,27,27,27,,,,,,,,,,,,,,,,,,,,,,,,,,,,,,,,,,,,,,,,,,,,,,,,,,,,,,,,,,,,,,,
CTCAAAGGCTT,27,33,33,27,33,33,33,33,33,33,33,,,,,,,,,,,,,,,,,,,,,,,,,,,,,,,,,,,,,,,,,,,,,,,,,,,,,,,,,,,,,,,,,
TCAAAGGCTT,33,33,27,33,33,37,6,33,33,33,,,,,,,,,,,,,,,,,,,,,,,,,,,,,,,,,,,,,,,,,,,,,,,,,,,,,,,,,,,,,,,,,,
2,,,,,,,,,,,,,,,,,,,,,,,,,,,,,,,,,,,,,,,,,,,,,,,,,,,,,,,,,,,,,,,,,,,,,,,,,,,,
CACACATGAACGCACCTGTGCTCACACAGGCACACTCGCCA,,,,,,,,,,,,,,,,,,,,,,,,,,,,,,,,,,,,,,,,,,,,,,,,,,,,,,,,,,,,,,,,,,,,,,,,,,,,
CACACATGAACGCACCTGTGTTCACACAGGCACACTCGCCA,,,,,,,,,,,,,,,,,,,,,,,,,,,,,,,,,,,,,,,,,,,,,,,,,,,,,,,,,,,,,,,,,,,,,,,,,,,,
12,,,,,,,,,,,,,,,,,,,,,,,,,,,,,,,,,,,,,,,,,,,,,,,,,,,,,,,,,,,,,,,,,,,,,,,,,,,,
CACACATGAACGCACCTGTTCTCACACAGGCACA,33,33,33,33,33,33,33,37,33,33,33,27,33,33,33,33,33,37,33,33,33,33,37,33,33,33,33,33,33,33,33,27,27,33,,,,,,,,,,,,,,,,,,,,,,,,,,,,,,,,,,,,,,,,,,
CACACATGAACG,33,33,33,33,33,33,33,33,27,27,22,33,,,,,,,,,,,,,,,,,,,,,,,,,,,,,,,,,,,,,,,,,,,,,,,,,,,,,,,,,,,,,,,,
CACACATGAACGCACCTGTGCTCACACAGGCACACTCGCCA,37,27,33,33,37,33,33,33,33,33,27,33,37,33,33,37,33,33,33,33,33,33,33,33,37,33,33,33,33,33,37,33,33,33,33,33,27,33,33,37,33,,,,,,,,,,,,,,,,,,,,,,,,,,,,,,,,,,,
CACACATGAACGCACCTGTGTTCACACAGGCACACTCGCCA,33,27,33,6,33,22,27,6,6,27,22,27,27,27,33,33,27,6,33,27,33,33,33,27,33,27,33,33,27,33,33,22,33,6,33,33,27,33,33,33,27,,,,,,,,,,,,,,,,,,,,,,,,,,,,,,,,,,,
CACACATGAACGCACCTGTGCTCTCACAGGCACACTCGC,27,6,33,33,37,33,33,33,33,27,22,6,27,6,33,33,33,33,33,6,33,6,6,6,33,33,33,27,33,33,27,22,6,6,33,27,6,27,27,,,,,,,,,,,,,,,,,,,,,,,,,,,,,,,,,,,,,
CACACATGAACGCACCTGT,27,22,33,33,33,33,33,37,33,33,27,33,33,33,27,33,27,27,33,,,,,,,,,,,,,,,,,,,,,,,,,,,,,,,,,,,,,,,,,,,,,,,,,,,,,,,,,
CACACATGAACGCACCTGTGCTCACACAGGCACACTCGCCA,37,33,37,33,37,33,33,33,33,33,27,37,37,33,33,37,33,33,33,37,37,33,37,33,37,33,37,33,33,33,37,33,33,33,37,33,27,33,33,33,33,,,,,,,,,,,,,,,,,,,,,,,,,,,,,,,,,,,
CACACATGAAC,33,22,37,33,33,6,33,33,27,27,27,,,,,,,,,,,,,,,,,,,,,,,,,,,,,,,,,,,,,,,,,,,,,,,,,,,,,,,,,,,,,,,,,
CACACATGAACGCACCTGTGTTCACACAGGCACA,33,33,33,33,37,33,33,33,33,33,27,33,37,33,33,37,33,33,33,33,33,33,37,33,37,33,33,37,33,33,33,33,33,33,,,,,,,,,,,,,,,,,,,,,,,,,,,,,,,,,,,,,,,,,,
CACCTGTGTTCACACAGGCACACTCGCCA,27,27,27,27,33,33,33,33,33,33,33,33,33,33,33,33,33,33,33,33,33,33,33,33,33,27,33,33,33,,,,,,,,,,,,,,,,,,,,,,,,,,,,,,,,,,,,,,,,,,,,,,,
CACCTGTGCTCACACAGGCACACTCGCCA,33,27,22,33,33,33,33,27,33,6,37,33,37,33,37,33,27,33,33,33,33,22,33,27,6,27,27,33,33,,,,,,,,,,,,,,,,,,,,,,,,,,,,,,,,,,,,,,,,,,,,,,,
CACAGGCACACTCGCCA,27,27,27,27,33,27,22,27,27,33,33,33,33,22,33,33,27,,,,,,,,,,,,,,,,,,,,,,,,,,,,,,,,,,,,,,,,,,,,,,,,,,,,,,,,,,,
2,,,,,,,,,,,,,,,,,,,,,,,,,,,,,,,,,,,,,,,,,,,,,,,,,,,,,,,,,,,,,,,,,,,,,,,,,,,,
CACGAGGCCATATCTCAGGCCGTCTCAGTGGGGGGAAACCT,,,,,,,,,,,,,,,,,,,,,,,,,,,,,,,,,,,,,,,,,,,,,,,,,,,,,,,,,,,,,,,,,,,,,,,,,,,,
CACGAGGCCATATCTCAGGCTGTCTCAGTGGGGGGAAACCT,,,,,,,,,,,,,,,,,,,,,,,,,,,,,,,,,,,,,,,,,,,,,,,,,,,,,,,,,,,,,,,,,,,,,,,,,,,,
12,,,,,,,,,,,,,,,,,,,,,,,,,,,,,,,,,,,,,,,,,,,,,,,,,,,,,,,,,,,,,,,,,,,,,,,,,,,,
CACGAGGCCATATCTCAGGCCGTCTCAGTGGGGGGAAACCT,20,20,20,20,20,20,20,20,20,20,20,20,20,20,20,20,20,20,20,20,20,20,20,20,20,20,20,20,20,20,20,20,6,20,20,6,20,20,20,20,20,,,,,,,,,,,,,,,,,,,,,,,,,,,,,,,,,,,
CACGAGGCCATATCTCAGG,20,20,20,20,20,20,20,20,20,20,20,20,20,20,20,20,20,20,20,,,,,,,,,,,,,,,,,,,,,,,,,,,,,,,,,,,,,,,,,,,,,,,,,,,,,,,,,
CACGAGGCCATATCTCAGGCCGTCTCAGTGGGGGGAAACCT,33,33,33,27,33,33,33,33,27,27,33,33,33,33,33,33,33,33,27,6,33,27,33,33,33,20,20,20,20,20,20,20,6,20,20,6,20,20,20,20,20,,,,,,,,,,,,,,,,,,,,,,,,,,,,,,,,,,,
CACGAGGCCATATCTCAGGCCGTCTCAGTGGGGGGAAACCT,20,20,20,20,20,20,20,20,20,20,20,20,20,20,20,20,20,20,20,20,20,20,20,20,20,20,20,20,20,20,20,20,20,20,20,20,20,20,20,20,20,,,,,,,,,,,,,,,,,,,,,,,,,,,,,,,,,,,
CACGAGGCCATATCTCAGGCTGTCTCAGTGGGGGGAAACCT,37,33,27,33,33,33,33,33,33,33,33,33,33,37,33,33,33,33,33,37,33,33,33,37,33,33,33,33,33,33,33,33,33,33,33,33,33,33,33,33,33,,,,,,,,,,,,,,,,,,,,,,,,,,,,,,,,,,,
CACGAGGCCATATCTCAGGCTGTCTCAGTGG,33,33,27,33,33,33,33,33,33,33,33,33,22,33,33,33,33,33,33,33,33,33,33,33,33,33,33,27,27,27,27,,,,,,,,,,,,,,,,,,,,,,,,,,,,,,,,,,,,,,,,,,,,,
CACGAGGCCATATCTCAGGCTGTCTCAGT,20,20,20,20,20,20,20,20,20,20,20,20,20,20,20,20,20,20,20,33,33,33,33,33,33,27,33,27,27,,,,,,,,,,,,,,,,,,,,,,,,,,,,,,,,,,,,,,,,,,,,,,,
CACGAGGCCATATCTCAGGCCGTCTCAGTGGGGGGAAACCT,20,20,20,20,20,20,20,33,33,33,6,27,33,37,33,33,33,33,27,33,27,33,33,33,33,33,33,33,33,33,33,33,33,33,33,33,33,33,33,33,33,,,,,,,,,,,,,,,,,,,,,,,,,,,,,,,,,,,
CACGAGGCCATATCTCAG,33,33,27,33,33,33,33,33,33,33,33,33,33,33,27,33,33,27,,,,,,,,,,,,,,,,,,,,,,,,,,,,,,,,,,,,,,,,,,,,,,,,,,,,,,,,,,
CACGAGGCCAT,33,33,27,33,33,33,33,33,33,27,33,,,,,,,,,,,,,,,,,,,,,,,,,,,,,,,,,,,,,,,,,,,,,,,,,,,,,,,,,,,,,,,,,
CAGTGGGGGGAAACCT,20,20,20,20,20,20,20,20,20,20,20,20,20,20,20,20,,,,,,,,,,,,,,,,,,,,,,,,,,,,,,,,,,,,,,,,,,,,,,,,,,,,,,,,,,,,
GGGGGAAACCT,27,27,27,33,33,33,33,27,33,37,33,,,,,,,,,,,,,,,,,,,,,,,,,,,,,,,,,,,,,,,,,,,,,,,,,,,,,,,,,,,,,,,,,
2,,,,,,,,,,,,,,,,,,,,,,,,,,,,,,,,,,,,,,,,,,,,,,,,,,,,,,,,,,,,,,,,,,,,,,,,,,,,
GCGGGGCCGTGTGGGGAGCACGGGGTTTCATATTAACATTT,,,,,,,,,,,,,,,,,,,,,,,,,,,,,,,,,,,,,,,,,,,,,,,,,,,,,,,,,,,,,,,,,,,,,,,,,,,,
GCGGGGCCGTGTGGGGAGCATGGGGTTTCATATTAACATTT,,,,,,,,,,,,,,,,,,,,,,,,,,,,,,,,,,,,,,,,,,,,,,,,,,,,,,,,,,,,,,,,,,,,,,,,,,,,
6,,,,,,,,,,,,,,,,,,,,,,,,,,,,,,,,,,,,,,,,,,,,,,,,,,,,,,,,,,,,,,,,,,,,,,,,,,,,
GCGGGTCCGTGTGGGGAGCACGGGGTTTCATAT,27,27,22,22,27,6,27,27,22,22,27,6,27,27,22,6,6,6,27,27,27,22,27,27,22,22,6,27,6,6,27,22,27,,,,,,,,,,,,,,,,,,,,,,,,,,,,,,,,,,,,,,,,,,,
GCGGGGCCGTGTGGGGAGCATGGGGTTTCATATTAACATTT,27,27,27,27,27,27,27,27,27,27,27,27,27,27,27,27,27,27,27,20,20,20,20,20,20,20,20,20,20,20,20,20,20,20,20,20,20,20,20,20,20,,,,,,,,,,,,,,,,,,,,,,,,,,,,,,,,,,,
GCGGGGCCGTGTGGGGAGCACGGGGTTT,33,27,33,33,33,33,33,27,33,33,33,33,33,33,33,33,33,33,33,33,27,33,33,33,27,33,33,33,,,,,,,,,,,,,,,,,,,,,,,,,,,,,,,,,,,,,,,,,,,,,,,,
GCGGGGCCGTGTGGGG,33,27,33,33,33,33,33,22,33,33,33,33,27,27,27,27,,,,,,,,,,,,,,,,,,,,,,,,,,,,,,,,,,,,,,,,,,,,,,,,,,,,,,,,,,,,
GCGGGGCCGTGTGGGGAGCATGGGGTTT,27,27,27,27,27,27,27,27,27,27,27,27,27,27,27,27,27,27,27,27,27,27,27,27,27,27,27,27,,,,,,,,,,,,,,,,,,,,,,,,,,,,,,,,,,,,,,,,,,,,,,,,
ATGGGGTTTCATATTAACATTT,20,20,20,20,20,20,20,20,20,20,20,20,20,20,20,20,20,20,20,20,20,20,,,,,,,,,,,,,,,,,,,,,,,,,,,,,,,,,,,,,,,,,,,,,,,,,,,,,,
